HAB;WC;M2C;EST;AA;ARME;TERZ;INEX;ORIE;GJE;TRAS;ASC;PISC;ZV;PV
2;2;85;0;1;1;0;0;15;1;0;0;1;1;920.000
2;2;119;0;0;0;0;0;2;0;0;0;1;0;795.000
3;2;245;0;0;0;0;0;15;0;1;0;0;0;795.000
5;3;260;1;0;0;0;0;1;0;1;0;1;1;790.500
3;2;180;0;0;0;0;0;12;0;1;0;0;0;760.000
4;5;145;0;0;0;0;0;1;0;0;0;1;1;720.000
2;2;150;2;0;1;0;0;3;1;1;0;0;0;680.000
5;3;253;0;1;1;1;0;15;1;0;0;1;1;675.000
4;4;430;0;1;1;1;0;15;0;1;0;1;1;630.000
4;3;200;0;0;0;1;0;1;0;1;0;1;1;630.000
3;2;160;0;0;0;1;0;11;1;1;0;0;0;629.000
5;3;243;0;0;1;1;2;15;1;1;0;1;1;600.000
4;3;155;0;0;0;0;0;11;0;1;0;0;0;590.000
3;2;140;0;0;0;1;0;14;0;0;0;0;0;560.000
4;2;184;1;1;0;1;0;15;1;0;0;1;1;560.000
4;2;156;0;0;1;0;0;15;0;0;0;1;1;550.000
4;2;135;0;1;1;1;2;3;1;1;0;1;1;550.000
2;2;122;0;0;0;1;0;1;1;1;0;1;1;549.000
4;3;164;0;1;0;1;0;1;1;0;0;1;1;549.000
3;3;169;0;1;0;1;0;13;0;0;0;0;0;515.000
3;2;128;2;1;1;1;0;15;1;1;0;0;0;499.000
5;2;200;0;0;0;0;0;15;1;1;0;1;1;499.000
3;2;111;0;1;0;0;0;11;0;0;0;1;1;499.000
2;1;840;2;1;1;1;1;15;0;0;1;1;1;498.000
3;2;130;0;1;0;1;0;15;1;1;0;1;1;490.000
4;2;171;0;0;0;1;0;1;1;0;0;1;1;490.000
6;2;185;1;1;1;1;0;15;1;1;0;1;1;490.000
3;2;180;0;0;0;0;0;1;1;0;0;0;0;489.000
3;3;183;0;0;0;0;0;1;1;0;0;0;0;475.000
3;2;198;0;0;0;0;0;1;0;1;0;0;0;460.000
3;2;192;1;1;1;1;0;15;1;1;1;1;1;450.000
1;1;60;0;0;1;1;0;15;1;1;0;1;1;450.000
4;3;180;0;0;1;0;0;11;0;1;0;0;0;450.000
3;2;116;2;0;1;0;0;12;1;1;0;0;0;443.716
3;2;94;0;1;0;0;0;15;1;0;0;1;1;435.000
3;2;110;0;1;1;0;0;12;0;0;0;0;0;425.000
2;2;130;0;0;1;1;0;15;0;1;0;1;1;425.000
6;4;311;0;0;0;0;0;12;0;0;0;1;1;420.000
3;2;136;0;1;0;0;0;15;1;1;0;1;1;420.000
1;1;65;0;0;0;1;0;1;1;1;0;1;1;420.000
3;1;70;0;0;1;0;0;1;0;1;0;0;0;414.000
5;3;222;0;0;1;1;2;15;1;1;0;1;1;408.000
4;3;175;0;1;0;1;2;3;1;1;0;1;1;400.000
3;2;98;0;1;0;0;0;11;1;1;0;1;1;399.000
2;2;151;2;1;1;0;0;15;0;1;0;0;1;398.000
3;2;147;0;0;0;0;0;11;0;0;0;1;0;395.000
3;2;164;0;1;1;1;2;15;1;1;0;1;1;395.000
2;2;83;2;1;1;1;2;15;1;1;2;1;1;393.700
3;2;130;0;0;0;0;1;3;1;1;0;0;1;390.000
3;2;113;0;0;0;0;1;1;0;0;0;0;0;390.000
3;2;88;2;0;1;0;0;15;1;0;0;1;1;380.000
3;2;130;0;0;0;1;0;15;1;1;0;1;1;380.000
3;2;130;0;0;0;0;0;15;0;0;0;0;0;379.900
2;2;126;2;0;0;0;0;1;0;0;0;0;1;379.000
3;2;103;0;0;0;1;0;11;0;1;0;0;1;375.000
2;2;90;0;0;0;1;0;1;0;0;0;1;1;375.000
2;2;100;2;0;1;0;0;1;0;1;0;1;1;370.000
3;2;75;0;0;0;1;0;12;1;0;0;0;1;370.000
3;2;104;0;1;0;1;0;1;0;0;0;1;0;365.000
3;2;115;0;0;0;1;2;15;1;0;0;0;0;360.500
3;2;105;0;1;0;0;0;1;0;0;0;1;1;360.000
4;3;270;0;0;0;1;0;15;0;1;0;1;1;360.000
2;2;117;2;1;1;0;0;15;0;1;0;0;1;355.000
4;3;150;0;1;1;1;0;11;0;0;0;1;1;355.000
2;1;128;2;1;1;0;0;15;0;1;0;0;0;355.000
4;2;180;2;0;1;0;0;15;0;0;0;1;1;350.000
4;2;150;0;1;0;0;0;14;0;0;0;1;1;350.000
2;2;90;0;1;0;0;0;1;1;0;0;0;1;350.000
2;2;160;0;0;0;0;1;2;0;1;0;0;1;350.000
3;2;75;0;0;0;1;0;2;1;1;0;0;1;350.000
4;3;170;0;1;0;1;0;15;0;0;0;1;1;350.000
2;2;211;2;0;1;1;2;11;1;0;0;0;1;350.000
5;3;238;0;1;1;1;2;15;1;0;1;1;1;348.000
2;2;122;0;0;0;1;0;3;1;1;0;1;1;346.000
2;2;130;0;0;0;0;0;12;0;1;0;0;0;345.000
4;2;116;2;0;0;0;0;15;0;1;0;0;0;345.000
4;3;180;0;1;0;1;0;14;1;1;0;1;1;340.000
3;2;96;2;1;1;1;2;15;0;0;0;0;1;340.000
2;2;120;0;0;0;0;0;1;0;0;0;0;0;340.000
2;2;147;2;0;1;0;0;2;1;0;0;0;0;340.000
3;2;152;0;1;0;0;0;11;0;0;0;1;1;339.000
3;2;120;0;0;1;1;2;15;1;0;0;1;1;332.054
4;3;140;0;1;0;1;0;1;1;0;0;1;1;330.000
4;2;160;0;1;1;0;0;15;1;1;0;1;1;330.000
2;2;104;0;1;1;0;0;1;1;1;1;0;0;325.000
4;2;190;0;0;0;1;0;2;1;1;0;1;1;325.000
3;2;100;0;1;1;0;0;15;0;0;0;1;1;325.000
4;2;143;2;1;1;1;2;15;1;1;0;0;1;323.000
2;2;85;0;0;0;0;0;15;0;1;0;0;0;320.000
4;2;143;2;1;1;1;2;15;1;1;0;0;1;318.000
3;2;110;0;1;1;0;0;15;0;0;1;1;0;315.000
3;2;80;0;1;0;0;0;15;1;1;0;1;1;315.000
2;1;95;0;1;1;0;0;1;0;1;0;1;1;315.000
4;3;156;1;0;1;1;0;12;1;1;0;1;1;310.890
4;2;145;0;1;0;0;0;15;1;1;0;1;1;305.000
3;2;100;0;1;0;0;0;1;0;0;0;0;0;304.400
3;2;80;2;1;1;0;0;15;1;1;0;0;1;303.000
2;2;90;0;1;1;1;0;15;0;0;0;1;1;300.000
4;2;115;2;1;1;1;0;15;1;1;0;0;1;299.500
2;2;93;0;1;1;0;0;15;1;0;2;1;1;299.000
3;2;100;0;1;0;0;0;15;1;0;0;1;1;298.000
1;1;135;2;0;1;0;0;1;1;1;0;0;0;298.000
3;2;110;0;1;0;0;0;2;0;1;0;1;1;296.000
3;2;123;0;0;0;0;0;15;0;0;0;1;0;295.000
3;1;78;0;1;0;0;0;15;1;1;0;1;0;290.000
3;2;118;0;1;0;0;0;2;0;1;0;0;0;290.000
3;2;108;0;0;0;0;0;1;0;0;0;0;1;290.000
3;2;130;0;0;0;1;2;1;1;1;0;0;0;290.000
2;2;114;0;1;1;0;0;15;0;0;0;0;0;290.000
4;3;160;0;1;0;0;0;15;0;0;0;1;1;289.500
4;3;150;0;1;0;0;0;3;0;0;0;1;1;289.500
3;2;156;2;1;1;0;0;15;0;0;0;0;0;289.000
3;2;157;2;1;1;0;0;15;0;0;0;0;0;289.000
3;2;123;0;1;0;1;0;2;0;1;0;1;1;288.500
3;2;95;0;1;0;0;0;15;0;0;0;1;0;287.000
3;2;105;0;1;0;0;0;1;1;1;0;1;1;287.000
5;2;149;0;1;1;1;0;15;0;0;0;1;1;285.000
10;4;649;0;1;0;0;0;15;0;1;1;1;1;285.000
4;2;110;1;1;1;1;0;15;1;1;0;1;1;285.000
3;2;87;0;1;0;1;0;15;0;0;1;0;1;285.000
2;2;93;2;1;1;1;0;15;1;1;0;1;1;283.500
2;2;120;0;1;0;1;2;15;1;1;0;1;1;283.000
2;2;278;2;1;1;1;2;15;1;1;1;1;1;282.500
4;3;250;0;0;0;0;0;12;0;0;1;0;1;280.000
4;2;154;0;0;0;0;0;1;1;0;0;1;1;277.000
4;2;112;0;1;0;1;0;15;1;0;0;1;1;275.000
6;2;196;1;1;0;0;0;5;0;1;0;1;1;275.000
2;1;98;0;1;1;1;2;15;1;1;2;1;1;275.000
3;2;107;0;1;0;1;0;15;1;1;0;1;1;274.000
4;1;95;0;1;1;0;0;2;1;1;0;1;1;273.000
2;2;115;2;0;1;0;0;12;0;1;2;0;0;273.000
6;2;300;0;0;0;0;0;15;0;0;0;1;1;270.000
2;2;80;2;0;0;0;0;15;0;1;0;0;0;269.000
2;1;50;0;1;1;1;0;15;0;1;1;0;1;265.000
2;2;105;2;1;1;0;0;15;0;0;0;0;0;261.400
3;2;100;0;1;0;1;0;15;0;0;0;1;1;260.000
4;3;250;0;1;0;1;0;15;0;0;0;0;0;260.000
1;1;45;0;1;1;0;0;15;1;0;1;0;0;260.000
3;2;80;2;1;1;1;2;15;1;1;2;1;1;259.000
1;1;60;0;0;0;1;0;12;1;1;1;1;1;258.000
3;2;105;2;0;0;1;2;15;1;1;0;0;0;257.210
3;2;100;0;1;0;0;0;7;0;1;0;1;0;255.000
3;1;80;0;1;1;0;0;15;0;0;1;1;0;255.000
4;3;145;0;1;0;1;0;15;1;1;0;1;1;254.600
4;2;116;2;0;0;0;0;15;1;1;0;0;0;253.000
3;2;114;0;1;0;1;0;15;1;1;0;1;1;252.000
2;2;85;0;0;1;0;0;2;0;0;0;0;1;252.000
3;2;92;0;1;0;1;0;4;0;0;0;0;0;250.900
3;2;100;2;0;0;1;2;15;1;1;0;0;0;250.070
4;2;108;1;1;1;1;0;15;0;0;0;1;1;250.000
2;2;78;0;1;0;0;0;15;0;0;0;1;1;250.000
2;2;103;0;0;0;0;0;12;0;0;0;0;0;250.000
3;2;135;0;1;0;0;0;11;0;0;0;1;1;250.000
4;2;116;0;1;0;1;0;0;0;0;0;1;1;250.000
3;1;126;1;0;0;1;0;15;1;1;0;1;1;250.000
2;1;66;2;1;1;0;0;15;0;1;0;0;0;250.000
4;2;108;2;0;0;1;2;15;1;1;0;0;0;249.560
3;2;100;0;1;1;0;0;0;1;1;0;1;1;249.000
3;2;115;0;1;1;1;0;15;0;0;0;1;1;249.000
4;1;191;2;1;0;1;2;15;1;1;1;1;1;249.000
5;2;170;0;1;0;0;0;15;0;1;0;1;1;248.000
5;2;200;0;1;0;0;0;15;0;0;0;1;1;247.000
4;2;124;2;1;1;0;0;15;0;0;0;1;1;245.700
3;2;80;0;1;0;0;0;2;0;0;0;1;1;245.000
4;3;259;2;1;1;1;2;15;1;0;1;1;1;244.800
4;2;110;0;0;1;0;0;1;0;0;0;0;0;244.000
3;2;90;2;0;0;1;2;15;1;1;0;0;0;242.930
4;2;90;0;1;1;0;0;14;1;1;0;0;0;242.000
3;2;135;0;1;0;0;0;4;0;0;0;1;0;242.000
2;2;161;0;1;1;0;0;15;0;1;0;1;1;242.000
2;2;104;0;1;1;0;0;15;1;1;1;0;1;241.500
3;2;107;2;1;1;1;0;15;1;1;0;0;1;241.000
3;2;140;0;0;0;1;0;15;0;0;0;1;1;240.422
3;2;130;2;0;0;0;0;15;1;0;0;0;0;240.000
2;2;76;0;1;1;1;0;15;1;1;2;1;1;240.000
4;2;110;0;1;1;1;0;2;1;1;0;1;1;240.000
4;2;197;2;1;1;1;0;15;0;0;0;0;0;240.000
5;2;200;0;0;0;0;0;15;1;1;0;1;1;240.000
3;2;95;0;1;1;0;0;1;1;1;0;0;0;240.000
3;2;90;0;1;1;1;0;15;0;1;0;1;1;240.000
3;2;115;0;0;0;1;0;3;1;1;0;1;1;240.000
3;2;90;2;0;0;1;2;15;1;1;0;0;0;238.230
3;1;105;0;1;1;0;0;1;1;1;2;1;0;237.000
4;2;154;0;1;0;0;0;1;1;0;1;1;1;236.200
4;2;101;0;0;0;1;0;3;0;1;0;1;1;235.888
3;2;100;0;1;1;0;0;15;0;0;0;1;1;235.000
3;2;90;0;1;0;0;0;15;1;0;1;1;1;235.000
3;1;70;0;1;1;0;0;15;1;1;0;0;0;230.000
5;2;150;0;1;1;1;0;1;1;1;1;1;1;230.000
2;2;74;0;1;1;1;0;15;0;0;0;1;1;230.000
4;2;110;0;0;1;1;0;15;1;1;1;1;1;230.000
4;2;115;0;1;0;0;0;11;0;0;0;1;1;228.800
3;2;134;0;0;0;0;0;12;0;0;0;0;0;228.000
3;2;89;0;1;0;0;0;15;1;1;1;0;1;224.999
3;1;115;0;1;1;1;0;15;1;1;0;1;1;223.000
3;2;102;0;1;0;1;0;15;0;0;0;0;0;221.000
3;2;104;2;1;1;1;0;15;1;0;0;1;1;221.000
3;2;148;0;1;0;1;0;15;0;0;0;1;1;220.000
3;2;88;0;1;0;0;0;0;0;0;0;1;1;220.000
2;2;102;0;1;1;0;0;1;0;1;2;0;1;220.000
2;2;110;2;1;1;1;0;3;1;1;0;0;1;220.000
3;2;150;0;0;0;1;0;15;1;1;2;1;1;220.000
4;2;145;0;1;0;0;0;10;1;0;0;1;1;220.000
3;2;112;1;1;0;0;0;15;0;1;1;1;0;220.000
2;1;105;0;1;1;1;1;15;1;0;1;0;1;220.000
3;2;106;0;1;0;1;2;15;1;0;0;1;1;220.000
2;2;117;0;0;0;0;0;11;0;1;0;0;1;220.000
3;2;120;0;1;0;0;0;2;0;1;0;0;0;215.000
3;2;125;2;1;1;1;2;15;1;1;1;1;1;215.000
4;3;192;0;1;1;1;2;15;1;1;0;1;1;214.200
2;2;103;2;1;0;1;2;15;1;1;0;1;1;213.359
4;2;131;0;0;0;1;0;2;0;0;0;1;1;213.000
2;1;66;2;1;1;0;0;15;0;1;0;0;0;212.000
3;2;103;2;1;0;1;2;15;1;1;0;0;0;211.700
2;2;78;2;1;0;1;0;15;1;0;0;1;1;210.000
2;2;100;0;1;0;0;0;11;1;0;0;0;0;210.000
4;2;120;0;1;0;0;0;15;1;1;0;1;1;210.000
3;2;122;2;0;0;0;0;1;0;0;0;0;1;210.000
4;2;150;0;1;0;1;0;1;0;0;0;1;1;210.000
6;2;179;0;0;0;0;0;4;0;0;0;1;1;210.000
2;1;70;0;1;0;1;0;0;1;1;0;1;1;210.000
2;2;90;0;1;1;1;0;1;0;0;0;1;1;210.000
4;1;96;0;1;1;1;0;12;1;1;0;1;1;210.000
2;3;120;0;0;0;0;0;1;0;0;0;0;0;209.400
4;2;99;0;1;1;1;0;11;1;1;0;0;0;206.000
2;2;77;0;1;1;1;0;1;0;0;1;1;1;205.000
3;2;86;0;0;0;0;0;5;0;1;0;1;1;205.000
2;2;82;0;1;0;1;0;15;0;0;0;0;0;205.000
1;1;50;0;1;1;1;0;2;1;1;1;1;1;205.000
2;2;84;0;1;0;0;0;1;0;1;0;1;0;205.000
2;1;70;2;1;1;0;0;15;1;1;0;1;1;202.183
2;1;63;0;1;0;1;0;15;0;0;0;1;1;200.000
3;2;270;0;1;1;0;0;15;0;0;0;1;1;200.000
3;2;120;0;0;0;0;0;0;0;0;0;1;1;200.000
3;2;90;0;0;0;0;0;9;1;1;0;1;1;200.000
4;2;150;1;1;0;1;2;15;0;0;0;0;0;199.000
2;2;84;0;0;0;0;0;2;1;1;0;1;1;199.000
2;2;91;0;1;1;1;0;15;0;0;1;0;1;199.000
9;3;490;0;1;1;0;0;0;1;1;1;1;1;199.000
2;2;82;0;1;0;1;0;12;0;0;0;0;0;198.000
5;3;182;2;1;1;1;2;15;1;1;0;1;1;198.000
3;1;96;0;1;0;1;0;2;1;0;0;1;1;198.000
3;1;90;0;1;1;0;0;15;1;1;1;1;1;197.000
3;2;116;2;1;1;1;0;15;1;1;0;1;1;196.000
2;1;80;2;1;0;1;0;15;1;0;0;1;1;195.700
2;2;85;0;0;1;0;1;0;0;0;0;0;0;195.000
4;2;95;0;1;1;0;0;15;1;1;0;1;1;195.000
2;2;94;0;0;1;0;0;2;1;1;2;0;1;195.000
3;2;108;2;0;0;0;0;15;0;0;0;0;0;195.000
4;2;184;1;1;0;0;0;15;1;1;0;1;1;195.000
3;1;97;0;0;0;0;0;1;0;0;0;1;0;195.000
3;2;62;0;1;1;0;0;15;1;1;0;1;1;195.000
3;1;77;0;1;1;1;0;15;1;1;1;1;1;195.000
2;1;89;0;0;0;0;0;2;0;1;0;0;1;194.999
3;2;85;0;0;0;0;0;15;0;0;0;0;0;194.000
2;1;487;1;1;1;1;0;15;1;1;0;1;1;194.000
2;1;53;0;1;0;1;0;0;0;0;0;1;1;193.000
3;2;90;0;1;0;1;0;15;1;0;1;1;1;192.323
1;1;50;0;0;1;1;0;1;1;1;1;1;1;192.000
3;1;150;2;1;1;1;0;15;1;1;2;1;1;191.000
3;1;130;0;1;1;1;0;4;1;1;1;1;1;191.000
3;2;100;0;1;1;1;0;15;1;0;0;1;1;190.500
3;2;73;2;1;0;0;0;15;0;0;0;0;1;190.000
3;2;86;0;1;1;0;0;15;0;1;0;1;1;190.000
2;2;95;0;1;0;0;0;11;0;1;0;0;0;190.000
3;2;94;0;1;0;0;0;12;0;0;1;1;1;190.000
2;1;55;0;0;1;1;0;15;1;1;1;0;0;190.000
2;1;94;1;0;0;0;0;3;1;1;0;1;1;190.000
3;2;89;0;1;0;0;0;3;0;0;0;1;1;190.000
2;2;90;0;1;1;1;2;15;1;1;1;1;1;190.000
3;2;117;0;1;0;1;0;2;0;0;0;1;1;190.000
3;2;90;0;1;1;1;0;12;0;0;0;1;1;190.000
2;1;73;0;1;0;0;0;15;1;1;1;1;1;190.000
1;1;56;0;0;1;1;0;1;1;1;0;1;1;190.000
3;2;100;0;0;1;1;2;15;1;0;0;1;1;190.000
2;2;82;0;1;0;1;0;15;1;0;0;1;1;190.000
2;1;68;0;0;0;0;0;11;0;1;0;0;1;189.000
2;2;96;0;1;0;0;0;12;1;0;0;1;1;189.000
2;2;74;0;1;1;0;0;15;0;1;0;0;1;189.000
3;1;66;0;1;0;0;0;13;1;1;0;1;1;189.000
3;2;102;2;1;0;1;0;15;1;1;0;1;1;189.000
4;3;140;0;1;0;0;0;12;1;1;0;1;1;188.000
4;1;93;1;1;1;1;0;15;0;0;1;1;0;188.000
3;2;110;0;0;0;0;1;15;0;1;0;1;1;187.000
3;2;95;0;1;0;1;0;15;0;1;1;1;1;187.000
4;2;120;0;0;0;1;0;15;1;1;0;1;1;186.500
3;2;85;0;1;0;1;0;15;0;1;0;1;1;186.000
2;2;100;0;0;0;0;0;1;1;1;1;1;1;186.000
3;1;85;0;0;0;0;0;15;1;1;0;1;1;186.000
2;2;103;0;0;0;0;0;1;0;0;0;0;0;186.000
2;2;110;0;0;0;0;0;1;0;0;1;0;0;185.000
2;2;125;2;0;1;1;0;0;1;0;0;1;1;185.000
4;2;101;0;1;1;1;0;15;1;1;0;1;1;185.000
2;1;70;2;1;1;0;0;15;0;1;0;0;0;184.000
1;1;44;2;1;1;1;0;12;1;1;0;1;1;184.000
3;2;98;0;0;0;0;0;3;0;1;0;1;1;183.000
2;1;95;0;0;0;0;0;1;0;1;1;0;0;182.342
3;2;87;2;1;1;0;0;15;0;0;0;1;1;182.000
3;2;121;2;1;1;1;0;15;0;0;0;0;0;182.000
1;1;67;2;1;1;1;0;15;1;1;0;1;1;181.000
4;2;170;0;0;0;0;0;15;1;1;0;0;0;180.000
4;2;135;1;1;0;1;0;15;1;1;0;1;1;180.000
2;1;75;2;1;1;1;2;15;1;1;2;1;1;180.000
3;2;180;0;1;1;1;0;15;1;1;1;1;1;180.000
3;2;80;0;0;0;0;0;11;0;1;0;0;0;180.000
4;2;115;0;1;0;0;0;14;0;0;1;1;1;180.000
3;2;90;0;1;0;1;2;15;0;0;0;1;1;180.000
3;1;85;2;1;0;1;2;15;0;0;0;1;1;180.000
3;1;70;0;1;0;0;0;15;1;1;0;1;0;180.000
3;2;80;2;1;1;1;0;15;1;0;1;1;1;180.000
3;2;91;0;1;0;0;0;15;0;1;0;1;1;180.000
1;1;78;0;0;0;0;0;4;1;1;1;1;1;180.000
2;2;69;0;0;1;0;0;15;1;1;2;0;1;180.000
4;1;120;0;0;0;0;0;15;1;0;1;1;1;180.000
3;2;120;0;0;0;0;0;3;1;0;0;1;1;180.000
3;2;110;0;0;0;0;0;2;0;0;0;0;0;180.000
4;2;139;0;1;0;0;0;15;0;0;0;1;1;180.000
3;1;70;0;1;1;0;0;1;1;1;0;1;1;180.000
3;2;93;0;1;1;0;0;0;0;0;0;1;1;180.000
5;2;185;0;0;0;1;0;15;1;1;1;1;1;180.000
2;2;80;2;1;0;1;0;15;1;0;0;1;1;180.000
2;1;70;0;1;1;1;0;5;1;0;1;1;1;179.900
4;1;121;0;1;1;1;0;15;0;1;0;1;1;179.300
3;1;78;0;1;0;0;0;13;0;0;1;1;0;179.000
3;2;100;0;1;1;0;0;1;1;1;0;1;1;179.000
3;2;120;0;0;0;0;0;15;0;1;0;0;1;179.000
2;1;65;0;1;0;1;1;2;0;0;0;1;1;178.000
3;1;95;0;1;0;0;0;2;1;0;1;1;1;178.000
4;2;111;0;1;0;1;0;15;0;0;0;1;1;178.000
3;1;98;1;1;1;1;0;15;1;1;0;1;1;177.000
2;2;85;0;0;0;0;0;0;0;0;0;0;0;176.600
2;2;78;0;1;1;1;0;15;1;1;2;1;1;176.500
2;1;65;0;0;1;1;2;1;1;1;0;0;0;176.000
3;1;97;0;1;1;1;0;15;1;1;0;1;1;175.600
3;2;198;0;0;0;0;0;2;0;0;0;0;0;175.000
4;2;88;1;1;1;0;0;12;1;1;2;1;1;175.000
2;2;64;0;0;1;0;0;6;1;1;0;1;1;175.000
3;2;124;0;0;0;0;0;1;0;1;0;1;1;175.000
2;2;80;0;1;1;0;0;15;1;0;0;0;0;175.000
2;1;62;0;1;1;1;2;15;1;1;1;1;1;175.000
4;1;95;0;1;1;1;0;15;1;1;0;1;1;175.000
2;2;76;2;1;1;0;0;15;0;0;0;0;0;175.000
2;2;75;0;0;1;0;0;15;0;1;1;0;1;175.000
4;2;160;0;1;0;1;1;2;1;0;1;1;1;175.000
3;2;81;2;1;1;1;0;12;0;0;0;1;1;175.000
3;2;160;0;0;0;0;0;15;0;0;0;0;1;175.000
2;2;91;0;0;0;0;0;3;0;0;0;0;1;175.000
2;1;106;2;1;1;1;0;15;1;1;0;1;1;174.500
1;1;55;0;1;0;0;0;15;0;1;0;0;1;174.000
2;1;86;0;0;0;0;0;2;1;1;1;1;1;174.000
2;1;87;0;0;0;0;0;2;1;1;0;1;1;173.000
2;2;98;2;1;1;1;2;15;1;0;0;1;1;173.000
3;2;112;0;0;0;1;0;2;1;1;0;1;1;173.000
1;1;59;2;1;0;1;0;15;1;0;0;1;1;172.742
3;1;75;0;0;1;1;0;15;1;1;1;1;1;171.000
3;2;135;0;0;0;0;0;3;1;1;0;1;1;171.000
2;1;56;0;1;1;1;0;15;1;1;0;0;1;170.300
1;1;59;2;1;0;1;0;15;1;0;0;1;1;170.262
3;2;120;0;0;0;0;0;1;0;0;0;1;1;170.000
2;1;60;0;1;1;1;0;14;1;0;1;1;1;170.000
3;1;96;0;1;1;1;0;15;1;1;0;1;1;170.000
2;1;80;0;0;0;0;0;1;0;1;0;0;0;170.000
2;1;60;0;1;1;1;0;2;1;1;0;0;0;170.000
3;2;107;2;1;0;1;0;15;0;0;0;1;1;170.000
3;2;117;0;0;0;1;0;11;0;0;0;0;0;170.000
2;2;80;0;1;1;0;0;15;0;1;0;0;1;169.900
3;2;94;2;1;0;0;0;15;1;1;0;0;1;169.900
3;2;110;0;1;1;1;2;15;1;1;1;1;1;169.000
2;1;75;0;1;0;0;0;1;0;1;0;0;0;169.000
3;1;104;0;0;0;0;0;13;0;1;1;0;1;169.000
3;2;105;2;1;1;1;0;15;1;1;0;1;1;169.000
2;2;97;2;1;0;0;0;15;0;0;0;0;0;169.000
4;1;98;0;1;1;1;0;15;1;1;0;1;1;169.000
3;1;90;0;0;0;1;0;15;1;1;0;1;1;168.283
2;1;70;0;0;0;0;0;15;0;1;0;0;1;168.000
3;2;99;2;1;1;1;0;15;1;1;0;1;1;168.000
2;2;98;0;0;1;1;2;15;1;1;0;0;1;167.666
3;2;110;0;1;1;1;2;15;1;1;1;1;1;167.000
3;1;68;0;0;1;1;0;15;1;1;0;1;1;166.000
2;1;60;0;0;0;0;0;2;1;1;0;0;1;165.000
2;1;60;2;1;1;1;0;15;1;1;0;0;1;165.000
2;1;65;0;0;0;0;0;5;1;1;0;1;1;165.000
1;1;70;0;1;0;1;0;15;1;0;1;1;1;165.000
4;2;140;0;1;1;0;0;15;0;1;0;1;1;165.000
2;1;86;0;1;0;1;0;15;1;1;0;1;1;165.000
2;2;85;0;0;0;0;0;14;0;0;0;0;1;165.000
2;2;116;0;0;1;0;0;11;1;1;0;0;0;165.000
3;2;112;0;1;0;0;0;2;1;1;0;1;1;165.000
1;2;95;2;1;1;1;2;15;1;0;0;1;1;165.000
3;2;105;2;1;1;1;0;15;1;1;0;1;1;164.000
4;2;185;1;0;0;0;0;6;1;1;0;1;1;163.000
2;1;75;0;0;1;0;0;15;1;1;1;1;1;163.000
3;1;75;0;0;1;1;0;15;1;1;0;1;1;163.000
3;2;101;0;0;1;0;0;14;0;1;0;1;0;162.000
2;2;70;2;1;0;0;0;15;0;1;0;0;0;162.000
4;2;130;0;1;1;1;2;15;1;1;0;1;1;162.000
3;2;88;2;1;1;0;0;15;0;1;0;0;1;160.750
2;1;90;0;0;0;1;0;2;1;0;1;1;0;160.000
2;1;58;0;1;1;1;0;15;1;1;1;1;1;160.000
1;1;50;0;1;0;1;0;15;0;1;0;1;1;160.000
3;1;82;0;1;0;1;0;5;1;1;0;1;1;160.000
2;1;60;0;1;0;0;0;1;0;1;0;1;1;160.000
3;2;117;0;1;1;0;0;1;0;0;1;1;1;160.000
4;2;130;0;1;0;0;0;15;0;0;0;1;1;160.000
2;2;71;0;1;0;1;0;1;0;0;0;0;0;160.000
4;2;140;0;1;1;1;0;15;1;1;0;1;1;160.000
4;2;105;0;1;0;0;0;15;0;1;0;0;1;160.000
3;2;104;0;0;0;1;0;0;0;0;0;1;1;160.000
3;1;90;2;1;1;0;0;15;1;1;1;1;1;160.000
4;2;110;2;1;1;0;0;15;0;0;0;1;1;160.000
2;1;72;2;1;0;1;0;1;0;1;1;1;1;160.000
3;2;80;0;1;0;1;0;15;0;0;0;1;1;160.000
3;2;90;0;0;1;1;2;5;1;1;0;1;0;160.000
1;2;66;0;1;0;0;0;1;0;0;1;1;0;160.000
2;2;69;2;1;1;1;2;15;1;1;1;1;1;159.900
4;2;147;0;1;0;0;0;2;0;0;0;1;1;159.500
3;2;112;0;1;0;1;0;15;0;0;0;1;0;159.334
2;1;74;0;0;0;1;0;15;1;1;0;1;1;159.000
2;1;50;0;1;0;1;0;15;0;0;0;0;1;159.000
3;2;107;0;0;0;1;1;15;0;1;0;1;1;159.000
3;1;100;0;1;0;1;0;2;1;1;0;1;0;159.000
3;2;69;0;0;1;0;1;1;0;0;0;1;1;159.000
2;1;55;0;1;1;0;0;1;1;1;1;1;0;159.000
2;2;91;0;1;1;0;0;1;1;1;0;0;1;159.000
3;2;97;0;1;1;1;0;15;1;1;0;1;1;159.000
2;2;80;0;1;0;0;0;2;1;1;0;0;0;159.000
3;2;90;0;0;0;1;0;1;0;0;0;0;0;159.000
3;2;90;0;1;0;0;0;3;1;1;0;1;1;159.000
3;2;104;0;1;1;1;0;15;0;0;0;1;0;158.200
3;2;108;0;0;1;0;0;15;1;1;1;1;0;158.000
3;2;78;2;1;1;1;0;12;0;0;0;1;1;158.000
3;2;89;2;1;1;0;0;12;0;0;0;1;1;158.000
1;1;69;0;0;0;1;0;15;0;1;0;1;1;157.000
2;1;80;2;1;0;1;0;15;0;0;0;1;1;157.000
3;1;80;0;1;1;1;0;15;1;1;1;1;1;156.000
3;2;96;0;1;1;0;0;2;1;1;0;1;1;156.000
3;1;91;0;1;1;0;0;15;1;1;0;1;1;156.000
2;1;59;0;1;0;0;0;15;1;0;1;1;1;156.000
4;2;115;0;1;1;0;0;11;0;0;0;1;1;156.000
3;1;86;0;1;1;1;0;15;0;1;0;1;1;156.000
3;2;90;0;1;1;1;0;14;0;0;0;1;1;155.000
4;2;120;0;0;0;0;0;0;0;1;0;1;0;155.000
2;1;79;0;0;0;1;0;15;1;1;0;1;1;155.000
3;1;65;0;1;1;1;0;15;1;1;1;1;1;155.000
4;1;79;1;1;1;0;0;1;1;1;0;1;0;155.000
3;2;131;0;0;0;1;0;15;0;1;0;1;1;155.000
2;1;75;0;0;0;1;0;15;0;1;0;0;1;155.000
2;1;65;2;0;1;0;0;2;0;0;2;0;1;155.000
3;3;84;0;1;0;1;0;2;0;1;1;1;1;155.000
2;1;80;0;0;0;1;0;2;1;1;1;1;1;155.000
1;1;52;0;1;0;1;0;15;0;1;0;1;1;155.000
1;1;60;0;1;0;0;0;2;0;0;0;1;0;155.000
3;2;105;0;0;0;1;0;15;1;1;0;1;1;155.000
3;1;80;0;1;1;1;0;15;1;1;0;1;1;154.500
2;1;74;0;1;1;0;1;11;1;0;0;1;1;154.454
2;1;58;0;1;1;1;0;1;1;1;0;0;0;154.000
2;1;95;0;0;0;0;0;11;1;1;0;1;1;154.000
3;1;100;0;1;0;1;0;0;1;1;0;1;1;154.000
3;2;95;0;1;0;0;0;15;0;1;0;0;0;154.000
2;2;81;0;1;0;0;0;1;0;0;0;0;0;153.500
1;1;57;0;0;1;1;2;15;0;1;0;1;1;153.000
3;2;90;0;0;1;1;0;15;1;1;0;1;1;153.000
3;2;101;2;1;1;1;2;15;1;1;1;1;1;152.300
3;1;90;0;0;0;0;0;15;1;1;0;1;1;152.000
3;1;86;2;1;1;1;2;15;1;1;0;1;1;151.100
2;2;80;0;1;1;0;0;15;1;1;0;1;1;150.000
3;2;97;0;1;0;0;0;1;0;0;0;1;0;150.000
3;2;92;0;1;0;0;1;1;0;0;0;1;1;150.000
4;1;100;0;1;0;0;0;15;0;1;0;0;1;150.000
3;2;120;0;0;1;0;0;15;1;1;0;1;1;150.000
4;2;160;0;0;0;0;0;14;0;0;0;1;1;150.000
3;2;78;0;1;1;1;0;15;1;1;1;1;1;150.000
2;1;80;0;0;0;0;0;2;0;1;0;0;0;150.000
3;2;75;0;1;0;1;2;15;0;1;0;1;1;150.000
5;2;120;0;1;1;0;0;15;1;0;1;1;1;150.000
4;1;75;0;1;1;1;0;12;1;1;1;1;1;150.000
4;2;110;0;1;0;0;0;15;0;0;0;1;1;150.000
6;5;230;2;1;1;1;2;15;1;1;1;0;1;150.000
2;2;74;0;1;0;0;0;3;0;0;0;1;1;150.000
3;2;105;0;1;0;1;0;15;0;1;0;1;1;150.000
3;1;90;0;1;0;1;0;1;0;1;0;1;1;150.000
4;1;91;0;1;1;1;0;15;1;0;1;1;1;150.000
3;2;80;0;1;0;1;0;15;1;1;0;1;1;150.000
3;1;71;0;1;0;0;0;15;1;1;0;1;1;150.000
2;2;90;0;1;0;1;2;15;0;0;0;0;0;149.000
2;1;70;0;1;1;0;0;15;1;0;1;1;1;149.000
3;1;93;0;1;0;0;0;1;1;1;1;1;1;149.000
1;1;60;0;1;1;1;0;15;1;1;0;1;1;149.000
1;1;55;0;1;0;0;0;15;0;0;0;1;1;149.000
3;2;99;0;1;1;1;0;11;1;1;0;1;1;149.000
2;2;75;0;1;1;0;0;15;0;0;0;1;1;149.000
4;1;116;2;1;1;1;0;15;0;1;0;1;1;149.000
2;1;78;0;1;1;1;0;1;1;1;0;1;1;149.000
3;2;95;0;1;0;0;0;1;1;1;1;1;1;148.800
3;2;90;0;1;1;0;0;5;1;1;1;1;1;148.500
3;1;80;1;1;0;0;0;4;1;1;1;1;1;148.000
3;1;70;0;1;1;1;0;0;0;0;2;1;0;147.500
3;2;85;0;0;1;1;0;15;1;1;0;1;1;147.260
3;2;105;2;0;1;1;0;2;1;1;0;1;1;147.000
2;1;60;0;0;1;0;0;15;0;1;0;0;0;147.000
2;1;85;0;1;0;1;0;3;1;0;0;1;1;147.000
3;1;95;0;1;1;0;0;15;1;1;0;1;1;147.000
3;2;90;0;1;0;0;0;2;0;1;0;0;0;147.000
4;2;166;1;1;1;1;0;15;1;1;1;1;1;146.670
2;2;115;0;0;0;0;0;15;0;0;0;0;0;146.000
1;1;75;0;1;1;1;2;15;1;1;0;1;1;145.904
3;1;105;0;1;1;1;2;15;1;1;0;1;1;145.468
2;1;81;0;1;1;0;1;3;0;0;0;1;1;145.000
3;3;205;2;1;1;1;2;15;0;0;1;1;1;145.000
4;2;123;0;0;0;1;0;0;0;0;0;1;1;145.000
2;1;75;0;0;0;0;0;1;0;1;0;0;0;145.000
1;1;55;0;1;0;0;0;11;1;0;0;0;1;145.000
2;2;126;2;1;1;1;0;15;1;1;0;1;1;145.000
3;2;85;0;1;1;1;2;15;1;1;2;1;1;145.000
2;2;81;2;1;1;1;2;15;1;1;0;0;1;145.000
3;2;120;0;0;0;1;0;15;0;1;0;1;1;145.000
3;1;92;0;1;0;1;0;15;1;1;0;1;1;145.000
2;2;65;0;1;0;1;0;15;0;0;0;1;1;145.000
4;2;140;0;1;0;1;0;15;0;1;0;0;1;145.000
4;2;330;1;1;1;1;2;15;1;1;1;1;1;144.900
3;2;78;0;1;0;0;0;15;1;1;0;1;1;144.000
3;2;104;0;1;1;1;0;15;0;0;0;1;1;143.000
3;2;90;0;1;0;1;0;15;0;1;0;1;1;143.000
3;2;110;0;1;0;0;0;11;1;0;0;1;0;143.000
2;1;65;0;0;0;0;0;15;1;1;0;1;1;142.000
2;2;69;2;1;0;1;2;15;1;1;0;0;1;142.000
4;2;108;2;1;1;1;2;15;1;1;1;1;1;141.900
2;2;62;0;1;1;0;0;15;0;0;0;1;1;141.300
1;1;84;0;0;0;0;0;11;0;0;0;0;0;141.100
2;2;95;0;1;0;0;0;2;0;0;0;0;0;141.000
3;1;74;2;1;1;0;0;15;1;1;2;1;1;141.000
3;2;80;0;1;1;0;0;15;0;0;0;0;0;140.600
3;2;80;0;1;0;0;0;1;0;1;0;1;1;140.000
3;2;140;0;0;0;0;0;15;1;0;1;1;1;140.000
3;2;98;0;1;1;0;0;15;1;0;1;1;1;140.000
2;1;40;0;0;1;0;0;15;1;1;1;1;1;140.000
3;2;107;1;1;0;0;0;5;1;1;0;1;1;140.000
3;2;95;0;1;0;1;2;15;1;1;0;1;1;140.000
4;2;115;0;1;1;1;2;2;1;1;0;1;1;140.000
3;2;80;0;0;1;1;2;15;1;1;1;1;1;140.000
3;1;90;2;1;1;1;0;15;0;1;1;1;1;140.000
3;1;110;0;1;1;0;0;15;1;1;0;1;1;140.000
3;2;90;0;0;0;1;0;15;0;1;0;1;1;140.000
4;2;110;0;0;0;1;0;11;0;0;0;1;1;140.000
3;2;96;0;1;1;1;0;1;0;0;0;1;1;140.000
5;2;149;0;1;0;0;0;15;0;0;0;1;1;140.000
2;2;84;0;0;0;1;0;15;1;0;0;1;1;140.000
2;1;50;0;1;1;1;2;15;1;1;0;1;1;140.000
3;2;90;0;1;1;0;1;14;0;1;0;0;0;140.000
4;2;140;0;1;0;0;0;9;0;0;1;1;1;140.000
2;2;71;2;0;0;0;0;15;1;1;1;0;0;139.900
4;2;142;0;1;0;0;0;15;0;1;0;0;0;139.000
3;1;98;0;1;1;1;2;15;1;1;1;1;1;139.000
1;1;73;0;1;1;0;1;15;1;1;0;0;0;139.000
3;2;76;0;1;1;0;0;3;1;1;0;1;1;139.000
4;2;140;0;1;1;1;0;15;0;0;0;1;1;139.000
1;1;61;2;1;1;0;0;15;1;1;0;1;1;139.000
3;1;80;0;1;0;1;0;1;1;0;0;1;0;139.000
2;1;71;0;0;1;1;2;15;1;1;2;1;1;139.000
2;2;80;0;1;0;0;0;15;0;0;0;1;1;138.000
3;2;81;2;1;1;1;2;15;1;1;2;1;1;138.000
1;1;50;0;1;1;1;0;15;1;1;1;1;1;138.000
4;2;120;0;1;1;0;0;15;1;0;0;1;1;138.000
4;1;95;1;1;1;1;0;1;1;1;1;1;1;138.000
2;2;97;1;0;0;1;0;15;0;1;0;0;0;138.000
3;2;112;0;0;0;1;2;15;1;1;0;1;1;137.550
3;2;100;0;1;1;1;0;15;0;1;0;1;1;137.000
3;1;78;0;0;1;0;1;15;1;1;1;1;1;136.000
3;2;110;2;1;1;0;0;15;1;1;0;1;1;136.000
3;2;85;0;1;0;1;0;15;1;1;0;1;1;136.000
2;2;66;0;1;0;1;0;15;1;0;0;1;1;136.000
4;2;209;0;0;1;1;2;2;1;1;1;1;1;135.455
2;2;75;2;1;0;1;0;15;1;1;0;1;1;135.375
3;2;140;0;1;0;1;0;15;0;1;0;1;1;135.000
3;2;90;0;0;0;0;1;15;1;1;0;0;1;135.000
3;2;175;0;1;1;1;0;15;0;1;1;1;1;135.000
3;2;83;0;0;0;1;0;4;0;0;0;1;1;135.000
2;1;60;0;1;1;1;2;15;0;1;0;0;1;135.000
3;2;108;0;0;0;0;0;11;0;0;0;0;1;135.000
4;2;125;0;1;0;0;0;6;1;1;0;1;1;135.000
4;2;120;0;1;0;1;0;15;0;0;0;1;1;135.000
3;1;100;0;1;0;0;0;15;0;0;1;1;1;135.000
3;1;80;0;1;0;1;0;15;1;0;0;1;1;135.000
2;1;65;0;0;0;1;0;2;1;1;1;1;1;135.000
2;1;84;2;1;1;0;0;15;0;0;0;1;1;135.000
2;1;60;0;1;0;1;0;15;1;1;1;1;1;135.000
2;2;150;0;1;1;1;2;1;1;1;1;1;1;134.896
4;1;115;1;1;0;0;0;2;1;1;1;1;1;134.000
3;1;116;0;1;0;1;0;15;1;1;0;1;1;134.000
3;1;112;0;1;0;1;0;15;1;1;1;1;1;134.000
3;2;114;0;0;1;0;0;2;0;1;0;1;1;133.900
1;1;38;2;1;0;1;0;15;1;1;0;1;1;133.000
3;2;106;0;0;0;1;2;15;1;1;0;1;1;133.000
2;2;81;0;1;1;0;0;15;1;1;0;0;0;132.900
2;1;67;2;1;1;1;2;15;1;1;1;1;1;132.800
3;2;100;0;1;1;1;0;15;1;1;0;1;1;132.222
1;1;48;0;1;1;1;0;15;1;1;0;0;0;132.000
3;1;90;0;1;1;0;0;11;1;1;0;1;1;132.000
2;1;80;0;1;0;0;0;1;0;1;0;0;1;132.000
3;2;100;2;1;1;1;2;15;0;1;0;0;1;132.000
3;2;122;0;0;0;1;0;11;1;1;0;0;0;132.000
2;1;80;0;0;1;1;0;15;1;1;0;1;1;131.310
3;1;103;0;1;1;1;2;6;1;1;1;1;1;131.250
3;2;110;0;0;1;0;0;1;1;1;0;1;1;131.000
4;2;132;0;0;1;1;2;15;1;1;0;1;1;131.000
3;2;86;2;1;0;1;0;15;1;1;0;1;1;130.300
4;1;65;2;1;1;1;2;15;1;1;1;1;1;130.200
2;1;85;0;1;0;0;0;1;0;0;0;0;0;130.000
2;1;54;0;0;1;1;2;15;1;1;2;1;1;130.000
3;2;90;0;1;1;1;0;15;0;0;0;1;1;130.000
4;2;137;0;1;1;1;0;15;1;1;0;1;1;130.000
2;1;75;0;0;0;1;0;15;1;1;0;1;0;130.000
3;1;90;0;1;0;1;0;15;1;1;0;1;1;130.000
3;2;109;2;1;1;0;0;15;1;1;0;0;1;130.000
2;1;80;0;0;0;0;0;1;0;0;1;0;0;130.000
3;1;81;2;1;1;1;1;15;1;1;0;1;1;130.000
2;1;65;0;1;1;1;0;15;1;1;1;1;1;130.000
3;1;65;0;1;0;1;0;15;1;1;0;1;1;130.000
2;1;90;0;0;0;0;0;15;0;1;0;1;0;130.000
5;1;90;0;1;0;1;0;1;1;0;1;1;0;130.000
3;1;80;2;1;1;1;2;15;0;0;0;1;1;130.000
3;2;140;0;1;0;0;0;15;0;0;0;0;0;130.000
6;2;125;0;1;1;0;0;11;1;1;1;1;1;130.000
3;1;100;0;1;1;1;2;15;1;1;0;1;1;130.000
2;1;81;0;0;0;1;0;15;1;0;0;1;1;130.000
2;2;70;0;1;1;1;0;15;1;1;1;1;1;130.000
2;1;60;0;0;0;0;0;0;1;1;1;1;1;130.000
2;1;72;0;0;0;0;0;15;0;0;1;0;0;130.000
3;2;110;0;1;1;1;2;15;1;1;1;1;1;129.500
3;2;100;0;1;0;1;0;1;1;0;0;1;1;129.000
3;1;80;0;1;1;1;0;15;1;0;1;1;1;129.000
3;2;104;0;1;0;1;0;15;1;1;0;1;1;129.000
3;2;200;0;0;1;0;0;15;1;0;1;1;1;129.000
3;2;112;0;0;0;0;0;15;0;0;0;1;1;129.000
3;1;89;0;1;0;0;0;3;1;0;0;1;1;129.000
3;2;99;2;0;0;1;2;12;0;1;0;1;1;129.000
3;2;112;0;1;1;1;0;2;1;0;0;1;1;129.000
3;2;95;0;0;0;0;0;3;0;0;0;0;0;129.000
3;1;70;0;1;1;1;0;2;1;1;0;1;1;129.000
4;2;121;0;0;0;0;0;1;0;0;0;1;1;129.000
2;2;62;0;1;1;1;0;15;0;1;0;1;1;129.000
3;2;124;0;0;0;0;0;0;0;0;0;1;1;128.000
3;2;90;0;1;0;0;0;14;0;0;0;1;1;128.000
4;2;95;0;0;0;0;0;15;0;1;1;1;0;128.000
3;2;90;0;1;1;0;0;15;0;0;0;1;0;128.000
2;2;80;0;1;0;1;0;1;0;0;0;1;1;127.900
2;1;68;0;1;0;0;0;5;1;1;1;1;1;127.000
3;2;83;0;0;1;1;0;15;1;1;0;1;1;127.000
3;2;90;0;1;0;0;0;1;1;0;0;1;1;127.000
3;1;71;0;1;1;0;0;3;1;0;0;1;1;126.999
3;1;95;0;1;0;0;0;5;1;1;0;1;1;126.000
4;2;126;0;1;0;0;0;1;1;1;1;1;1;126.000
4;2;123;0;1;0;0;0;4;1;0;0;1;1;126.000
3;2;82;0;0;1;1;0;15;1;1;1;1;1;126.000
3;1;90;2;1;1;0;0;15;1;1;0;1;1;126.000
2;2;87;2;0;0;1;2;15;0;1;0;0;1;126.000
2;1;69;0;1;1;1;0;15;1;1;0;1;0;125.599
4;2;170;0;1;1;1;0;15;1;1;0;1;1;125.000
2;2;70;0;1;1;0;0;15;1;1;0;0;0;125.000
2;2;94;0;1;0;1;0;12;1;1;0;0;0;125.000
2;1;70;2;0;1;0;0;15;1;1;1;0;0;125.000
3;2;100;0;0;0;1;0;15;0;0;0;1;1;125.000
2;1;62;0;0;0;1;0;15;1;1;0;1;1;125.000
4;1;95;1;1;1;1;0;0;1;1;0;1;1;125.000
2;2;77;0;0;0;0;0;1;0;0;1;0;1;125.000
3;1;75;0;1;1;1;0;15;1;0;0;1;1;125.000
4;3;141;0;0;1;1;1;15;1;1;0;1;1;125.000
3;1;84;0;1;0;1;0;15;1;1;1;1;1;125.000
3;1;86;0;1;0;0;0;15;0;1;1;0;0;125.000
2;1;68;0;1;1;1;0;15;1;1;0;1;1;125.000
2;1;85;0;1;1;1;0;6;1;1;0;1;1;125.000
3;2;139;0;1;0;1;0;3;1;0;0;1;1;125.000
3;1;119;0;0;0;1;2;15;1;1;1;1;1;125.000
2;1;65;0;1;1;0;0;8;1;1;1;0;0;125.000
4;2;136;0;1;0;1;0;15;1;1;1;1;1;125.000
4;2;130;0;1;0;0;0;3;0;0;0;1;1;125.000
4;2;123;1;1;1;1;2;15;1;1;1;1;1;125.000
2;1;65;0;1;0;1;0;15;1;0;0;1;0;124.999
1;1;50;0;1;0;0;0;15;1;1;0;0;1;124.999
3;1;81;1;1;1;1;2;15;1;0;0;1;1;124.900
3;2;111;2;1;1;1;2;15;0;1;0;1;1;124.600
3;1;67;0;1;1;0;0;5;1;1;0;1;1;124.500
2;1;46;0;1;0;0;0;2;0;1;0;0;0;124.000
3;2;80;0;0;0;0;0;1;0;1;0;0;0;124.000
3;2;85;2;1;1;1;2;15;0;0;1;1;1;123.900
3;1;85;2;1;1;1;2;15;1;1;0;1;1;123.800
4;1;102;0;1;1;1;2;1;1;1;0;1;1;123.357
3;2;121;0;1;1;1;2;15;1;1;0;1;1;123.307
2;2;74;2;1;1;1;2;15;1;0;0;1;1;123.000
2;2;75;0;1;0;0;0;4;0;0;0;1;0;123.000
3;2;112;2;0;0;1;2;2;1;1;0;0;1;123.000
4;2;140;0;1;1;1;0;15;1;1;0;1;1;123.000
3;2;112;0;1;1;1;2;15;0;1;0;1;1;122.887
2;2;80;2;1;0;1;2;15;1;0;0;1;1;122.281
4;1;94;0;1;0;1;0;14;1;1;0;1;1;122.000
2;1;65;0;1;1;0;0;2;1;1;0;1;1;122.000
4;1;86;0;1;0;1;0;1;0;0;0;1;1;122.000
2;1;67;0;0;0;0;0;15;1;1;0;1;1;121.835
2;2;68;0;1;1;0;0;15;0;0;0;1;1;121.300
1;1;68;2;1;1;1;2;15;1;1;2;1;1;121.000
2;1;64;2;1;1;1;2;15;1;1;2;1;1;121.000
3;2;55;0;1;1;1;2;15;1;1;0;1;1;121.000
2;1;55;2;1;1;1;2;15;0;1;0;0;1;120.500
3;2;118;0;1;1;1;2;15;0;1;0;1;1;120.408
1;1;48;2;1;1;1;2;15;1;0;0;1;1;120.202
3;2;120;0;0;0;0;0;3;0;0;1;1;1;120.000
3;1;100;0;1;0;0;0;15;1;1;0;1;1;120.000
4;2;144;0;1;1;1;0;0;0;1;0;1;1;120.000
2;1;60;2;1;1;1;0;15;0;0;0;0;1;120.000
2;1;82;0;1;1;0;0;15;1;1;0;1;1;120.000
2;1;90;0;1;1;1;0;15;1;1;0;1;1;120.000
3;2;98;0;1;0;0;0;1;1;0;0;1;1;120.000
3;2;85;0;1;1;1;0;15;1;1;0;1;1;120.000
2;2;78;0;0;0;0;0;0;1;0;0;0;0;120.000
2;1;70;0;1;0;0;0;1;1;1;0;1;1;120.000
3;2;95;0;1;1;1;0;1;1;1;0;1;1;120.000
1;1;50;0;1;1;0;0;15;0;0;0;0;1;120.000
3;1;79;0;1;1;1;0;15;1;0;0;1;1;120.000
2;1;39;2;1;1;1;2;15;1;1;2;1;1;120.000
2;1;70;0;1;1;1;0;15;1;1;1;1;1;120.000
4;2;121;0;0;0;1;0;15;0;0;0;1;1;120.000
3;2;120;0;0;0;0;0;3;0;1;1;1;1;120.000
4;2;120;0;1;0;0;0;3;1;1;0;1;1;120.000
3;2;95;0;0;1;0;0;1;0;0;0;1;1;120.000
3;1;87;0;1;0;1;0;15;0;0;1;1;1;120.000
2;1;57;2;1;1;1;0;0;0;0;0;1;1;120.000
4;3;230;0;1;0;0;0;15;0;1;1;1;1;120.000
4;2;132;0;1;0;0;0;15;1;1;0;1;1;120.000
3;2;110;0;1;1;0;0;15;1;0;0;1;1;120.000
2;1;79;2;1;1;1;2;15;0;0;0;1;1;120.000
3;1;91;0;1;1;1;0;15;1;1;1;1;1;120.000
2;2;100;0;1;1;1;0;15;1;1;0;1;1;120.000
2;1;48;0;1;0;1;2;15;0;1;1;1;1;120.000
3;1;70;0;1;0;1;0;15;1;1;0;1;1;120.000
3;1;70;0;1;1;1;0;15;0;1;1;1;1;120.000
3;1;90;0;1;0;1;0;15;1;0;0;1;1;119.999
3;2;126;0;0;0;0;1;15;0;0;0;1;1;119.000
1;1;52;0;1;0;1;0;15;1;0;0;0;1;119.000
1;1;40;0;1;0;1;0;15;0;0;0;1;1;119.000
3;1;95;0;0;0;0;0;1;1;0;0;0;1;118.950
3;1;156;0;1;1;1;2;11;1;1;0;1;1;118.186
1;2;58;0;1;1;0;0;2;1;0;0;0;1;118.000
4;2;140;0;0;0;1;0;15;1;0;0;1;1;118.000
3;1;85;0;1;1;0;0;15;0;1;0;1;1;117.500
3;2;101;0;1;0;1;0;15;0;0;0;1;1;117.000
3;2;144;2;1;1;1;2;15;0;0;0;1;1;116.700
3;2;92;2;1;1;1;2;15;1;1;1;1;1;116.600
3;1;73;2;1;1;1;2;15;1;1;1;1;1;116.600
3;2;65;2;1;0;1;2;15;1;0;0;1;1;116.342
3;2;101;2;1;1;1;2;15;0;1;0;1;1;116.300
3;2;110;0;1;0;0;0;14;1;0;0;1;1;116.000
3;1;91;1;1;1;1;2;15;1;1;1;1;1;115.777
2;2;59;0;1;1;1;0;15;1;1;1;1;1;115.700
2;2;86;2;1;1;1;2;15;1;0;0;1;1;115.700
2;1;81;0;1;1;1;2;11;1;1;0;1;1;115.451
2;2;78;0;1;1;1;0;0;0;0;0;1;1;115.000
2;1;83;2;1;0;1;2;15;1;1;0;1;1;115.000
1;1;45;0;1;1;1;0;15;1;1;0;1;1;115.000
1;1;67;0;1;0;1;0;1;0;1;0;1;1;115.000
4;1;107;2;1;1;0;0;2;1;0;0;1;1;115.000
3;1;73;0;1;1;0;0;15;1;1;1;1;1;115.000
4;2;100;0;1;1;0;0;15;1;0;0;1;1;115.000
4;2;100;0;1;0;0;0;14;1;1;0;1;1;115.000
2;2;80;0;0;0;0;0;2;0;1;0;1;1;115.000
3;2;120;0;0;0;1;0;15;1;0;0;1;1;115.000
2;2;75;0;0;0;0;0;0;0;1;0;0;0;115.000
1;1;58;0;1;0;0;0;15;1;1;0;0;0;115.000
3;1;78;0;1;1;1;0;15;1;1;1;1;1;115.000
3;1;90;0;1;1;1;0;11;1;1;1;1;1;115.000
2;1;70;2;1;0;1;2;1;1;0;0;1;1;115.000
4;1;103;2;1;1;1;2;15;1;1;0;1;1;115.000
3;2;110;0;1;0;0;0;15;1;0;0;1;1;115.000
3;2;87;0;1;0;1;0;2;0;1;0;1;1;114.900
1;1;56;0;1;1;0;0;15;1;1;0;1;0;114.700
1;1;63;0;0;0;0;0;14;0;1;0;0;0;114.500
2;1;98;0;1;0;1;0;11;1;1;0;1;1;114.000
3;1;85;0;1;1;1;0;15;1;1;1;1;1;114.000
2;1;75;2;1;0;1;0;2;1;1;0;1;1;114.000
2;1;70;0;1;0;1;0;11;0;1;0;1;0;114.000
2;1;78;0;1;1;1;0;15;1;1;0;1;1;114.000
2;1;98;0;0;1;0;0;3;1;1;1;1;1;114.000
3;2;111;0;1;1;0;0;15;0;0;0;1;1;113.500
2;1;61;0;1;1;1;2;15;1;1;0;1;1;113.400
2;2;61;1;1;1;1;0;15;1;1;0;1;1;113.400
3;1;75;0;0;0;1;0;15;1;1;0;1;1;113.300
3;1;61;0;1;0;1;0;3;1;0;0;1;0;113.000
2;2;76;0;0;0;0;0;15;1;1;1;0;0;113.000
3;1;65;0;1;1;1;0;15;1;1;1;1;1;113.000
4;2;131;2;1;1;1;2;15;1;1;0;1;1;112.300
1;1;50;0;1;0;1;0;2;1;1;0;1;1;112.000
1;1;59;0;1;1;0;0;2;1;1;0;1;1;112.000
3;1;100;2;1;1;1;2;15;1;1;1;1;1;111.000
3;2;167;1;1;1;1;1;15;1;1;1;1;1;110.800
3;1;107;2;1;1;1;2;15;1;1;1;1;1;110.700
3;2;92;0;0;0;1;2;15;0;1;0;1;1;110.250
2;2;103;1;1;1;1;2;15;0;0;0;1;0;110.200
1;1;50;0;1;0;1;0;4;1;1;0;1;1;110.000
2;2;97;0;1;0;0;0;15;1;1;0;1;1;110.000
2;1;65;0;1;1;1;0;15;0;1;0;1;1;110.000
4;2;120;0;1;0;0;0;14;1;1;0;1;1;110.000
2;1;79;0;1;1;0;0;15;0;1;1;0;1;110.000
4;2;90;0;0;1;1;2;11;0;1;0;1;1;110.000
2;1;65;2;1;0;1;2;15;1;1;0;1;1;110.000
4;1;87;0;1;0;1;0;1;1;1;1;1;0;110.000
2;1;100;0;0;0;1;2;0;1;1;1;1;1;110.000
2;2;75;0;1;0;0;0;11;1;1;0;0;1;110.000
3;2;90;0;0;0;0;0;15;1;1;1;1;1;110.000
3;1;80;0;1;1;1;0;15;1;1;0;1;1;110.000
3;2;112;0;1;1;1;2;15;1;1;0;1;1;110.000
3;2;90;2;1;0;1;2;15;1;1;2;1;1;110.000
4;2;90;2;1;1;0;0;15;1;0;0;1;1;110.000
3;2;112;0;0;1;1;2;15;1;1;0;1;1;110.000
4;1;114;0;0;0;1;0;15;1;1;0;1;1;110.000
3;1;90;0;1;1;1;2;15;1;0;0;1;1;110.000
2;1;80;0;1;1;1;0;2;0;1;0;0;1;110.000
3;2;100;0;1;0;1;0;15;0;0;0;1;1;110.000
2;2;65;2;1;1;1;2;15;0;0;0;1;1;110.000
2;1;60;0;1;1;1;0;15;1;1;1;1;1;110.000
2;1;77;0;1;0;1;0;15;1;1;0;1;1;109.900
3;2;132;2;1;1;1;0;15;1;1;1;1;1;109.700
5;1;106;2;1;1;1;0;15;1;1;1;1;1;109.700
5;2;186;2;1;1;1;2;15;1;1;0;1;1;109.700
2;1;62;0;1;1;1;2;1;1;1;0;1;1;109.592
2;1;67;0;1;0;1;2;2;1;1;0;0;1;109.002
2;1;83;0;1;0;1;0;2;1;1;1;1;1;109.000
2;2;72;0;1;1;1;1;15;0;1;0;1;1;109.000
3;2;107;1;1;1;0;0;15;1;1;0;1;1;109.000
2;1;90;0;0;0;0;1;15;1;1;0;1;1;109.000
2;1;70;0;1;1;1;0;15;1;1;1;1;1;109.000
1;1;40;0;1;1;1;2;15;1;1;1;1;1;108.999
3;1;81;0;1;0;0;0;1;1;1;0;1;1;108.500
3;1;90;0;0;0;0;0;15;1;1;1;1;1;108.000
3;2;110;0;1;0;0;0;15;1;1;0;1;1;108.000
3;1;95;0;1;1;1;2;11;1;1;0;1;1;107.500
3;1;113;1;1;1;1;2;15;1;1;0;1;1;107.217
2;1;75;2;1;1;1;2;15;1;1;1;1;1;107.000
4;2;100;0;1;1;1;0;15;1;1;0;1;1;107.000
3;1;93;0;0;1;0;0;15;1;1;0;1;1;106.340
3;2;100;0;1;0;1;0;1;0;1;0;0;0;106.000
3;2;87;0;1;1;1;1;1;0;0;0;1;1;106.000
3;2;121;0;1;0;1;0;3;0;1;0;1;1;105.500
3;2;122;2;1;1;1;2;15;1;1;1;1;1;105.100
3;1;91;1;1;1;1;2;1;1;1;0;1;1;105.000
4;2;138;0;0;1;1;0;15;1;0;0;1;1;105.000
4;2;110;0;1;1;0;0;15;1;0;0;1;1;105.000
4;2;116;0;0;0;1;2;2;1;1;0;1;1;105.000
2;1;90;0;1;0;1;2;15;1;1;1;1;1;105.000
3;1;90;0;1;0;0;0;0;1;1;0;1;1;105.000
3;2;84;0;1;1;1;0;15;0;0;0;0;0;105.000
2;1;71;2;1;1;1;0;2;1;1;0;1;1;105.000
3;1;85;0;1;1;1;0;15;1;1;0;1;1;105.000
3;2;92;2;1;0;1;0;3;1;0;0;1;1;105.000
2;1;65;0;1;1;0;0;15;0;1;1;1;1;104.000
4;1;90;0;0;1;0;0;2;1;1;1;1;1;104.000
1;1;73;2;1;1;1;2;15;1;1;1;1;1;104.000
2;1;79;0;0;1;0;0;15;0;1;1;0;0;104.000
2;1;103;0;1;1;1;2;0;1;1;0;1;1;103.950
1;1;124;0;1;1;1;2;15;1;1;0;1;1;103.950
3;2;100;2;1;1;1;2;15;0;0;0;0;1;103.600
3;2;87;0;1;0;1;0;2;0;0;1;0;0;103.500
3;2;100;0;1;1;1;0;15;1;1;0;1;1;103.070
3;2;85;2;1;0;1;0;1;1;1;0;0;1;103.000
4;1;98;0;1;1;1;0;15;1;1;1;1;1;103.000
3;2;115;0;1;1;0;0;15;0;0;1;1;1;102.200
2;1;107;0;1;1;0;0;15;1;1;0;1;1;102.000
3;1;103;0;1;1;1;2;15;1;1;1;1;1;101.900
3;2;94;0;1;1;1;2;3;1;1;0;1;1;101.850
3;2;88;2;1;1;1;2;15;1;1;0;1;1;101.100
2;1;108;0;1;1;1;0;15;1;1;1;1;1;101.000
3;2;145;0;1;1;1;2;15;1;1;1;1;1;100.500
2;2;97;2;1;1;1;2;15;1;0;0;1;1;100.500
2;1;97;0;1;1;1;2;15;1;1;1;1;1;100.500
6;1;130;2;1;1;1;2;15;1;1;1;1;1;100.400
2;1;66;0;0;1;1;2;15;0;1;0;1;1;100.300
2;1;75;0;1;1;1;0;15;1;1;0;1;1;100.000
3;2;100;0;1;1;0;0;15;0;0;0;1;1;100.000
2;1;50;0;1;0;1;0;0;0;0;1;1;1;100.000
3;1;66;0;1;0;1;2;15;1;1;1;1;1;100.000
3;2;70;0;1;1;0;0;12;1;1;0;1;1;100.000
3;2;90;0;1;0;0;0;0;1;1;0;0;0;100.000
1;1;50;0;1;1;0;0;3;0;0;0;1;1;100.000
3;2;110;0;1;1;0;0;15;0;1;1;1;1;100.000
2;1;76;0;1;0;1;0;11;1;1;1;1;1;100.000
2;1;75;2;1;1;1;2;15;1;1;0;1;1;100.000
2;1;66;0;1;0;1;2;15;1;1;0;0;1;100.000
2;1;70;0;1;1;1;0;15;1;1;0;1;1;100.000
1;1;109;0;1;0;1;0;15;1;1;1;1;1;100.000
2;1;70;0;1;0;1;0;15;0;0;0;1;1;100.000
2;1;80;2;1;1;0;0;0;0;0;1;0;1;99.999
3;2;90;0;0;0;1;2;11;1;1;0;1;1;99.900
3;2;80;0;0;0;1;0;6;1;1;0;0;0;99.850
4;1;103;0;1;1;1;2;15;1;0;0;1;1;99.800
3;1;77;0;0;1;0;0;15;1;1;1;1;1;99.600
3;2;72;0;1;1;0;0;15;0;1;1;1;1;99.500
3;1;80;0;0;0;0;0;1;0;0;0;1;1;99.000
3;2;90;0;0;1;1;0;1;0;0;0;1;0;99.000
3;2;88;0;0;0;1;0;15;0;1;1;1;1;99.000
3;2;155;0;1;0;0;0;14;0;0;0;1;1;99.000
2;2;67;0;1;0;1;0;1;1;1;0;1;1;99.000
3;1;75;0;1;1;0;0;15;1;1;0;1;1;99.000
1;1;57;2;1;1;1;0;15;1;0;0;1;1;99.000
3;2;117;2;1;1;1;2;15;1;1;0;1;1;99.000
3;2;100;0;1;0;0;0;15;0;0;1;1;0;98.900
4;2;117;0;1;1;0;1;15;1;0;0;1;1;98.700
3;2;90;0;0;0;1;0;2;0;1;0;1;0;98.500
3;1;105;0;0;0;1;0;15;1;0;1;1;1;98.500
3;2;114;2;1;1;1;2;15;1;1;1;1;1;98.300
3;1;106;2;1;1;0;0;15;1;1;0;1;1;98.200
3;1;90;0;1;0;1;2;15;1;1;0;1;1;98.000
3;2;110;0;0;1;0;0;6;0;0;0;1;1;98.000
5;1;110;0;0;1;1;0;15;1;1;1;1;1;98.000
2;1;87;0;1;0;0;0;15;1;1;0;0;0;98.000
4;2;141;0;0;0;0;0;0;0;0;0;1;1;98.000
2;2;126;0;1;1;0;0;15;1;1;1;0;0;97.100
3;2;100;0;1;1;1;0;15;0;0;0;1;0;97.000
3;1;75;1;1;1;1;2;15;1;1;1;1;1;96.000
3;1;88;0;1;1;1;2;15;1;1;1;1;1;95.550
3;2;70;0;1;1;0;0;1;1;1;0;1;1;95.500
2;1;71;0;1;1;1;2;11;1;1;1;1;1;95.115
3;1;84;0;1;1;0;0;3;1;0;0;1;1;95.000
1;1;52;0;1;1;0;0;1;0;0;1;1;0;95.000
3;2;100;0;1;1;0;0;15;0;0;0;1;1;95.000
4;2;108;0;1;1;1;0;15;1;1;0;1;1;95.000
2;2;60;0;1;1;1;0;15;0;1;0;0;1;95.000
3;2;105;0;0;0;0;0;2;0;0;1;1;1;95.000
3;1;160;0;0;1;1;2;15;1;1;0;1;1;95.000
3;2;112;0;1;0;0;0;15;1;0;0;1;1;95.000
4;2;130;0;0;0;1;0;15;1;1;0;1;1;95.000
3;2;133;0;1;0;0;1;2;0;1;1;1;1;95.000
4;2;85;0;0;1;0;0;3;1;1;0;1;1;95.000
4;1;90;0;1;1;0;0;2;0;1;1;1;1;95.000
2;1;75;0;0;0;1;0;1;0;1;0;0;0;95.000
2;1;76;0;1;0;1;0;1;0;1;0;0;0;95.000
4;2;90;0;1;1;1;0;15;1;1;0;1;1;95.000
2;1;60;0;1;1;0;0;15;0;0;0;1;1;95.000
2;2;75;2;1;0;1;2;2;1;0;1;1;1;95.000
3;1;90;0;1;1;1;0;11;1;1;0;1;1;94.999
2;2;90;0;1;0;0;0;1;0;0;0;0;0;94.999
3;2;129;0;0;0;0;0;15;1;0;0;1;1;94.900
3;1;70;0;1;1;1;0;15;1;1;1;1;1;94.500
2;3;78;0;1;1;1;2;15;1;1;0;1;1;94.500
1;1;53;0;0;0;0;0;15;0;1;0;0;0;94.000
4;2;116;0;1;0;1;0;3;0;1;0;1;1;94.000
2;1;50;0;1;1;1;0;15;1;1;1;1;1;94.000
2;1;60;0;1;1;1;2;6;1;1;0;1;1;93.450
2;1;72;1;1;1;1;2;5;1;1;0;1;1;93.450
3;1;84;0;1;1;1;2;15;1;1;1;1;1;93.450
3;2;115;0;1;0;0;0;15;0;1;0;1;1;93.267
3;1;70;0;1;0;0;0;1;1;1;1;1;0;93.150
2;1;74;0;0;0;0;0;3;0;1;0;0;0;93.000
3;2;90;0;1;1;1;0;15;0;0;1;1;1;93.000
3;2;75;0;0;1;0;0;15;0;0;0;1;1;93.000
2;2;50;0;1;0;0;0;2;0;1;1;1;1;93.000
2;2;75;0;1;1;0;0;0;0;0;0;1;1;93.000
3;1;70;0;1;1;0;0;15;1;1;1;1;1;93.000
2;2;65;0;0;0;0;0;1;1;1;0;1;1;93.000
2;1;75;0;1;1;1;0;15;1;1;0;0;0;92.900
3;1;73;2;1;0;1;2;15;1;1;1;1;1;92.650
3;1;108;0;1;1;1;2;15;1;1;0;1;1;92.400
3;2;80;0;0;1;1;2;15;1;1;0;1;1;92.300
4;1;125;1;1;1;0;0;15;1;1;1;1;1;92.200
3;2;101;1;1;1;1;0;15;1;1;0;1;1;92.000
3;1;91;1;1;1;1;0;15;1;1;1;0;1;91.915
3;1;135;1;1;1;1;2;15;0;0;1;1;1;91.800
3;1;115;0;1;1;1;2;15;1;1;0;1;1;91.773
1;1;63;0;1;1;1;1;15;1;1;0;1;1;91.700
3;1;88;0;1;1;1;2;15;1;1;0;1;1;91.350
2;1;55;0;1;0;1;0;15;1;1;1;0;1;91.000
4;2;116;2;0;1;1;2;15;1;1;0;1;1;91.000
4;2;131;2;1;1;1;2;15;1;1;1;1;1;91.000
3;1;99;0;1;1;0;0;15;1;1;1;1;1;90.500
3;2;112;0;1;1;1;2;15;1;1;1;1;1;90.317
2;2;98;0;1;0;1;0;11;1;1;1;1;1;90.000
5;1;110;0;1;0;0;0;1;1;1;1;1;1;90.000
4;2;102;0;0;0;1;0;15;0;1;0;1;1;90.000
3;2;110;0;1;0;1;0;15;0;0;0;1;1;90.000
3;2;86;0;1;1;0;0;11;1;0;1;1;1;90.000
3;1;90;0;1;1;1;0;15;0;1;1;1;1;90.000
3;1;100;0;1;1;1;0;15;1;0;0;1;1;90.000
2;1;65;0;1;1;1;0;15;1;0;1;1;1;90.000
2;2;62;1;1;1;1;2;15;1;1;0;1;1;90.000
3;2;97;0;1;1;0;0;15;1;1;1;1;1;90.000
2;1;65;0;1;0;0;0;2;0;1;1;0;0;90.000
2;1;50;0;1;1;0;0;0;0;1;0;0;0;90.000
2;2;85;2;0;1;0;0;2;0;0;1;1;1;90.000
3;2;103;0;1;1;1;0;1;1;1;0;1;1;90.000
3;1;80;0;1;1;1;0;15;1;1;0;1;1;90.000
3;1;109;0;1;1;1;2;15;1;1;2;1;1;90.000
2;1;75;0;1;0;1;0;2;0;0;0;1;1;90.000
4;2;105;0;0;0;1;0;1;1;0;1;1;1;90.000
4;2;125;0;1;1;1;2;11;1;1;0;1;1;90.000
3;1;100;0;1;1;0;0;15;1;1;0;1;1;90.000
3;2;130;0;0;0;1;0;15;1;1;0;1;0;90.000
2;1;73;0;1;1;1;0;15;1;1;0;1;1;90.000
2;2;100;0;0;1;1;0;0;1;0;0;1;1;90.000
2;1;74;2;1;1;1;0;12;1;1;1;1;1;90.000
1;1;40;0;1;1;0;0;15;1;1;1;1;0;90.000
3;2;95;0;0;0;0;0;15;0;1;0;1;0;90.000
2;2;75;0;1;1;1;0;1;1;0;0;1;1;90.000
3;2;110;2;1;1;1;2;15;1;1;0;1;1;90.000
2;2;80;0;0;0;0;0;0;0;0;0;0;1;90.000
4;2;100;0;0;1;0;0;3;1;1;0;1;1;90.000
3;1;85;0;1;0;0;0;15;0;1;0;0;0;90.000
4;1;94;0;1;1;1;0;15;1;1;1;1;1;90.000
3;1;82;0;1;1;1;0;15;1;1;0;1;1;90.000
3;1;120;0;0;1;1;0;2;1;1;0;1;1;90.000
3;2;150;0;0;0;1;0;15;0;0;1;1;1;90.000
3;2;81;0;1;1;1;0;15;0;0;0;0;0;90.000
4;1;90;0;0;1;0;0;15;1;0;1;1;1;90.000
2;1;65;0;0;0;0;1;3;0;1;0;0;1;90.000
3;1;79;0;1;0;1;2;15;1;1;1;1;1;90.000
4;2;126;0;1;1;1;2;15;1;1;0;1;1;89.900
3;1;132;0;0;0;1;2;15;1;1;0;1;1;89.900
2;1;70;0;1;1;0;0;15;1;1;0;1;1;89.680
2;1;51;0;1;1;1;2;15;1;1;0;1;1;89.639
3;1;80;0;0;1;0;0;15;1;1;1;1;1;89.500
3;2;115;2;1;1;1;2;15;1;1;0;1;1;89.300
3;2;124;2;1;1;1;2;11;1;1;1;0;1;89.046
3;2;80;0;1;1;0;0;15;1;1;0;1;1;89.000
3;2;110;0;0;0;1;0;5;0;0;0;1;1;89.000
3;1;85;0;1;1;1;0;15;1;1;0;1;1;89.000
1;1;40;0;1;0;1;2;15;1;1;0;1;1;89.000
2;1;80;0;1;1;1;0;15;1;1;0;0;1;89.000
3;2;91;0;1;0;1;2;15;0;1;0;1;1;89.000
2;1;70;2;1;0;1;2;15;1;0;1;1;1;89.000
2;1;54;2;1;0;1;2;15;1;0;2;0;1;89.000
2;1;65;2;0;1;1;2;15;0;1;0;1;0;89.000
4;2;97;0;1;0;0;0;1;0;0;0;1;0;89.000
3;2;230;2;1;1;0;0;15;1;0;1;1;1;88.900
3;2;113;0;1;1;0;0;15;0;1;1;1;1;88.600
2;1;80;0;1;1;1;2;1;1;1;0;1;1;88.200
2;2;83;0;1;1;1;2;15;1;1;0;1;1;88.200
2;2;83;0;1;1;1;2;3;1;1;0;1;1;88.200
3;1;90;0;0;1;0;0;15;1;1;1;1;1;88.000
2;2;76;0;1;0;1;0;2;1;1;0;1;1;88.000
2;1;83;1;1;0;1;2;15;1;1;1;1;0;88.000
2;1;72;0;1;0;1;0;15;0;0;0;1;1;88.000
1;1;60;0;1;1;1;2;15;1;1;1;1;1;88.000
2;1;58;0;1;1;1;2;15;1;1;0;0;0;87.500
3;2;90;0;1;1;1;2;1;1;1;1;1;1;87.280
2;1;69;0;1;1;1;2;15;0;0;2;1;1;87.262
2;1;81;2;1;1;1;2;15;1;1;0;1;1;87.200
3;2;80;0;0;0;0;0;1;1;1;0;0;0;87.000
3;2;140;0;1;1;0;0;15;0;1;1;1;1;87.000
1;1;39;0;1;0;0;0;15;0;1;0;1;0;87.000
2;1;71;0;1;1;1;2;2;1;1;1;1;1;86.746
3;2;110;0;1;1;1;2;5;1;1;0;0;1;86.532
3;2;97;0;0;0;1;1;3;1;1;1;1;0;86.500
3;1;65;0;1;1;0;0;6;1;1;0;1;1;86.000
2;1;68;2;1;1;1;2;15;1;1;1;1;1;86.000
3;1;125;0;1;1;1;0;15;1;1;1;1;1;86.000
3;2;127;0;1;1;1;0;15;1;1;0;1;1;85.946
4;1;120;0;1;1;1;2;15;1;1;1;1;1;85.760
3;1;107;0;1;1;1;2;15;1;1;2;1;1;85.500
2;2;94;2;1;1;1;2;15;1;0;0;1;1;85.200
2;1;80;0;1;1;0;0;15;1;1;0;0;1;85.050
3;1;117;0;1;1;1;2;15;1;1;0;1;1;85.050
4;1;113;0;1;1;1;2;15;1;1;0;1;1;85.050
1;1;49;0;1;1;1;2;5;1;1;1;1;1;85.050
2;1;81;0;0;0;1;0;4;1;1;1;1;1;85.000
3;2;85;0;1;1;1;2;0;0;1;0;1;1;85.000
2;1;70;0;1;1;1;0;12;1;1;1;1;1;85.000
4;1;90;0;1;1;1;0;15;1;0;1;1;1;85.000
3;2;115;0;0;0;1;0;2;0;0;0;1;1;85.000
3;1;95;0;1;1;1;0;15;1;0;0;1;1;85.000
4;2;110;0;1;0;0;0;1;0;1;0;1;1;85.000
2;2;58;2;1;1;1;2;15;1;1;1;1;1;85.000
4;1;85;0;1;0;1;0;15;1;1;1;1;1;85.000
3;1;94;0;1;1;1;0;15;1;0;1;1;1;85.000
3;2;83;0;0;0;0;0;2;1;0;1;1;1;85.000
3;2;100;0;0;1;1;0;1;0;0;0;1;1;85.000
3;1;85;0;1;0;1;0;15;1;1;0;1;1;85.000
3;1;65;0;1;1;1;1;1;1;1;0;1;1;85.000
2;1;82;0;1;1;1;2;15;1;1;1;1;1;85.000
3;3;90;0;1;0;0;0;4;1;0;0;1;1;85.000
3;2;119;0;0;0;0;0;2;0;0;0;1;1;85.000
2;1;80;0;1;1;1;0;15;0;0;1;1;1;85.000
1;1;52;0;0;0;1;0;15;1;1;1;1;1;84.900
3;1;73;1;1;1;1;2;12;1;1;0;1;1;84.566
3;1;80;0;1;1;1;2;15;0;1;0;1;1;84.100
2;1;85;1;1;1;0;0;15;1;1;1;1;1;84.000
2;1;70;1;1;1;1;0;15;1;1;0;1;1;84.000
2;1;81;0;1;0;1;2;15;1;0;0;1;1;84.000
2;2;71;2;1;1;1;2;15;1;1;2;1;1;84.000
4;1;106;0;1;1;1;2;0;1;1;0;1;1;84.000
2;1;65;0;1;0;1;0;15;1;1;0;1;1;83.000
3;1;84;0;1;1;1;2;15;1;1;1;1;1;83.000
3;2;125;0;1;1;1;2;15;1;1;0;1;1;83.000
1;1;55;0;0;1;0;0;12;1;1;0;1;1;83.000
3;1;70;0;0;0;0;1;15;0;0;1;1;1;83.000
3;1;80;0;0;0;1;0;14;1;1;0;1;1;83.000
3;1;85;1;1;1;0;0;1;1;1;0;1;1;83.000
2;1;70;0;1;0;0;0;1;0;0;0;0;0;83.000
4;2;100;0;1;1;1;0;15;0;0;0;1;1;83.000
4;1;105;2;1;0;1;0;15;1;1;0;1;1;83.000
2;1;72;0;1;1;1;0;15;1;1;0;1;1;82.900
2;2;87;2;1;1;1;2;15;0;0;0;0;1;82.100
3;1;96;2;1;1;1;2;15;1;1;0;1;1;82.035
3;2;130;2;1;1;1;0;15;1;1;0;0;1;82.000
3;1;79;0;1;1;1;1;0;0;1;1;1;1;82.000
3;1;82;0;1;0;1;0;15;1;1;1;1;1;82.000
1;1;56;0;1;1;0;0;15;1;1;0;1;1;81.900
3;1;89;0;1;1;1;2;15;1;1;0;1;1;81.900
2;1;51;0;1;1;1;2;15;0;1;0;1;1;81.900
2;1;63;2;1;1;1;2;15;1;1;0;0;1;81.500
2;1;68;0;1;1;1;2;15;1;1;0;1;1;81.500
3;2;108;0;1;1;1;2;15;1;1;0;1;1;81.250
3;2;113;2;1;1;1;2;15;1;0;0;1;1;81.000
2;2;75;2;1;1;1;2;15;1;1;1;1;1;81.000
3;1;112;2;1;1;1;2;15;1;1;1;1;1;81.000
3;2;85;0;1;1;1;2;15;1;1;0;1;1;80.928
3;2;93;0;1;1;1;2;15;1;1;0;1;1;80.800
2;1;67;0;1;1;1;2;15;1;1;1;1;1;80.759
3;1;132;1;1;1;1;2;5;1;1;1;1;1;80.750
3;2;113;2;1;1;1;2;15;0;0;0;1;1;80.600
2;2;84;2;1;1;0;0;15;0;1;0;0;0;80.500
1;1;68;0;1;1;1;2;3;1;1;0;1;1;80.423
2;1;77;2;1;1;1;2;15;1;0;0;1;1;80.100
3;2;101;1;1;0;0;0;15;1;0;0;1;1;80.000
2;1;70;0;1;0;0;0;15;1;1;1;1;1;80.000
3;1;95;2;1;1;1;2;15;1;1;0;1;1;80.000
4;1;90;0;1;1;1;0;15;1;1;1;1;1;80.000
3;1;96;0;1;1;0;0;1;1;0;0;1;1;80.000
3;1;96;0;1;0;0;0;15;1;0;1;1;1;80.000
3;2;102;0;1;1;0;0;15;0;1;0;1;1;80.000
3;1;72;0;1;1;1;0;15;1;0;0;1;1;80.000
2;2;90;0;0;0;0;0;2;1;0;0;1;1;80.000
3;1;80;0;0;0;0;0;4;1;0;0;1;1;80.000
3;2;100;0;1;1;1;2;15;1;1;0;1;1;80.000
2;1;70;0;1;0;1;0;15;1;1;0;1;1;80.000
1;1;45;0;1;1;0;0;2;1;1;0;0;0;80.000
3;1;88;2;1;1;1;2;15;1;0;2;1;1;80.000
3;1;70;0;1;1;1;0;15;1;0;1;1;1;80.000
3;1;76;1;1;1;1;0;15;1;0;0;1;1;80.000
1;1;50;0;1;0;1;0;1;1;1;1;1;1;79.900
3;2;90;0;1;0;0;0;2;1;1;0;1;1;79.900
2;1;68;2;1;1;0;0;15;1;1;1;0;1;79.900
2;1;67;0;1;1;0;0;3;1;0;0;1;1;79.680
2;1;58;0;1;1;0;0;3;1;0;0;1;1;79.680
2;1;59;0;0;0;1;0;1;1;1;0;1;1;79.500
1;1;44;0;1;0;1;0;11;1;1;0;0;1;79.500
4;2;163;0;1;1;1;2;15;1;1;0;1;1;79.200
5;2;122;2;1;1;1;2;15;1;1;0;1;1;79.200
1;1;75;0;1;1;1;0;15;1;1;1;1;1;79.000
3;2;92;0;1;1;1;0;3;0;0;0;1;1;79.000
3;1;80;0;1;0;0;0;1;1;0;0;1;1;79.000
3;1;66;0;1;0;0;0;15;0;1;1;0;1;79.000
3;1;163;2;1;1;1;2;15;1;1;1;1;1;79.000
2;1;55;0;1;1;1;0;15;1;1;0;1;0;79.000
2;1;42;0;1;1;1;2;15;1;1;1;1;1;79.000
3;2;119;1;1;1;1;2;15;1;1;0;1;1;78.750
3;1;93;0;1;1;1;2;15;1;1;0;1;1;78.750
2;2;83;0;1;0;0;0;15;0;1;0;0;0;78.300
3;1;70;0;1;0;1;1;15;1;0;1;1;0;78.000
2;1;50;0;0;0;0;0;15;1;1;0;1;1;78.000
1;1;70;0;1;0;1;2;15;1;1;0;1;1;78.000
4;2;125;0;1;0;0;0;1;1;1;1;1;1;78.000
3;1;75;0;1;1;0;0;2;1;1;0;1;1;78.000
1;1;40;0;1;0;1;1;1;1;0;0;1;1;78.000
3;1;116;0;0;1;0;0;2;0;1;0;1;1;78.000
4;1;94;2;1;1;0;0;15;1;1;2;1;1;78.000
3;2;112;2;1;1;1;2;15;1;0;0;1;1;78.000
2;1;50;0;0;0;1;0;15;1;1;0;1;1;78.000
3;2;83;2;1;0;1;2;15;1;0;0;1;1;78.000
2;1;61;0;1;1;1;2;11;1;1;0;1;1;77.700
3;1;94;0;1;1;1;2;15;1;1;1;1;1;77.700
3;2;75;2;1;1;1;2;15;1;1;0;1;1;77.500
3;1;79;2;1;1;1;2;15;1;1;0;1;1;77.300
2;1;52;0;1;0;1;0;15;1;0;0;1;1;77.000
3;1;70;0;1;1;1;2;2;1;1;1;1;1;77.000
3;1;135;0;1;0;0;0;1;0;0;1;1;1;77.000
4;1;115;0;1;1;1;2;2;1;1;0;1;1;76.950
3;2;94;0;1;1;1;2;15;1;1;0;1;1;76.700
4;2;139;0;1;1;1;2;15;1;1;2;1;1;76.500
3;1;83;1;1;0;1;2;15;1;1;0;1;1;76.500
2;2;111;0;1;1;0;0;1;0;0;0;1;1;76.000
3;2;75;2;1;1;1;2;15;1;1;0;1;1;76.000
3;1;80;0;0;0;0;0;5;1;1;1;1;1;76.000
3;1;92;0;1;1;1;2;15;1;1;1;1;1;76.000
2;1;120;2;1;1;1;2;15;1;1;1;1;1;76.000
3;1;76;0;1;1;1;2;15;1;1;1;0;1;75.816
4;2;114;0;1;1;1;2;15;0;0;2;1;1;75.807
2;1;75;0;1;1;1;2;15;0;0;0;1;1;75.700
3;1;87;0;1;1;1;0;15;0;1;0;1;1;75.700
3;2;95;1;1;0;1;0;6;1;1;0;1;1;75.670
3;1;104;0;1;1;1;2;15;1;1;0;1;1;75.600
2;2;73;0;0;1;1;2;15;1;1;0;0;1;75.600
3;2;86;2;1;1;1;2;15;1;1;0;1;1;75.075
3;1;97;1;1;1;1;1;15;1;0;1;1;1;75.000
2;2;75;0;1;1;0;0;15;0;1;0;1;1;75.000
3;2;82;0;1;1;0;0;1;0;1;0;1;1;75.000
1;1;77;0;1;0;1;0;1;1;1;1;1;1;75.000
1;1;50;0;1;1;0;0;15;1;1;0;1;1;75.000
2;1;60;0;1;1;1;0;2;0;1;0;1;1;75.000
1;1;71;0;1;1;1;0;15;1;1;1;1;1;75.000
1;1;50;0;1;1;0;0;3;0;0;0;1;0;75.000
2;1;38;0;1;1;1;0;14;1;1;1;1;1;75.000
2;1;70;0;1;1;0;0;0;1;1;1;1;1;75.000
3;2;112;0;1;1;0;0;15;1;1;2;1;1;75.000
3;1;65;0;1;1;1;2;15;1;0;1;1;1;75.000
2;1;75;0;0;0;0;0;2;1;1;0;1;1;75.000
2;1;70;0;0;1;1;2;15;1;1;0;1;1;75.000
3;2;114;0;0;1;0;0;15;1;0;1;1;1;75.000
3;1;75;0;1;1;0;0;11;1;1;1;1;1;75.000
2;1;80;0;0;0;1;0;15;1;0;1;1;1;75.000
3;2;75;2;1;1;0;0;5;1;1;0;1;1;75.000
2;2;130;0;0;0;0;0;15;1;1;0;1;1;75.000
3;1;106;0;1;1;1;2;15;1;1;1;1;1;75.000
2;2;75;0;1;0;1;0;3;0;0;0;1;1;75.000
3;2;72;2;1;1;1;2;15;1;1;0;1;1;75.000
2;1;80;0;0;0;1;0;15;1;1;0;1;1;75.000
2;1;73;0;1;0;0;0;11;1;1;0;0;0;74.900
3;1;88;0;1;1;1;2;15;1;1;1;1;1;74.862
3;1;83;0;1;1;1;2;15;1;1;0;1;1;74.800
3;1;82;1;1;1;1;2;2;1;1;0;1;1;74.800
3;2;76;2;1;1;1;2;15;1;1;0;1;1;74.500
3;2;73;2;1;1;1;2;15;1;1;0;1;1;74.500
3;1;70;0;0;1;0;0;15;1;0;0;1;1;74.000
3;1;70;0;1;1;1;0;3;1;0;1;1;1;74.000
2;1;119;2;1;1;1;2;15;1;1;0;1;1;74.000
3;1;80;2;1;0;1;0;15;1;1;0;1;1;74.000
2;1;56;0;1;1;0;0;15;0;1;1;0;1;73.000
1;1;65;0;0;0;1;0;10;1;0;0;1;1;73.000
3;1;91;1;1;0;1;0;1;1;1;0;1;1;72.500
4;2;113;0;1;1;1;2;15;1;1;0;1;1;72.400
3;1;90;1;1;1;1;2;5;1;1;1;1;1;72.121
2;1;54;0;1;1;0;1;15;1;1;1;1;1;72.000
3;1;106;0;0;0;1;2;3;1;0;0;1;1;72.000
3;1;110;0;1;1;1;0;3;1;0;0;1;1;72.000
4;1;108;0;0;0;0;0;15;1;1;1;1;1;72.000
3;1;100;0;1;1;0;1;15;1;1;0;1;1;72.000
3;1;93;0;1;1;0;0;15;1;1;0;1;1;71.500
3;1;118;1;0;1;1;2;15;1;1;1;1;1;71.300
4;2;132;1;1;1;1;0;3;1;1;0;1;1;71.250
2;2;84;2;0;0;1;0;15;1;1;0;0;0;71.100
2;1;80;0;1;0;0;0;15;1;0;1;1;1;71.000
4;2;90;0;1;0;1;0;15;0;0;0;1;1;71.000
3;2;108;0;1;1;1;2;11;1;1;1;1;1;71.000
2;2;71;0;0;0;0;0;1;1;1;0;1;1;71.000
3;1;105;0;1;0;1;2;15;1;1;1;1;1;71.000
3;1;77;0;1;1;1;0;15;1;1;0;1;1;70.800
2;1;72;0;1;1;1;2;2;1;1;0;1;1;70.350
2;1;67;2;1;1;1;2;15;0;1;0;1;1;70.300
2;1;85;0;0;0;1;0;1;1;1;0;1;1;70.000
2;1;56;0;0;1;1;0;1;1;1;0;1;1;70.000
1;1;50;1;1;1;0;0;2;1;1;0;1;1;70.000
3;1;70;0;1;0;1;0;15;1;1;1;1;1;70.000
2;1;60;0;1;1;1;0;15;1;1;1;1;1;70.000
2;1;80;0;1;1;1;0;15;1;1;0;1;1;70.000
1;1;48;0;1;1;0;0;1;1;1;1;1;1;70.000
3;2;112;0;1;1;0;0;0;1;1;0;1;1;70.000
3;1;80;0;1;1;0;0;2;1;1;1;1;1;70.000
3;1;69;1;1;0;1;1;13;1;1;0;1;1;70.000
3;2;99;0;1;0;1;0;15;0;0;1;0;0;70.000
3;1;76;1;1;1;1;2;15;1;1;1;1;1;70.000
3;2;100;0;1;1;0;0;15;0;1;0;1;1;70.000
3;2;80;0;0;1;0;0;15;0;0;0;1;1;70.000
3;2;75;0;1;1;1;0;11;1;1;0;1;1;70.000
3;2;116;0;0;0;1;0;15;0;1;0;1;1;70.000
2;1;80;2;1;1;1;2;15;1;0;0;1;1;70.000
1;2;60;0;0;0;0;0;15;1;1;0;1;1;70.000
3;1;70;1;0;0;1;0;15;1;1;1;1;1;70.000
3;1;88;2;1;1;0;0;15;1;0;1;1;1;70.000
3;2;74;2;1;1;1;2;15;1;1;0;1;1;69.900
2;1;55;0;1;1;1;2;15;1;1;0;1;1;69.400
2;1;72;0;1;1;1;2;15;1;1;1;1;1;69.300
2;1;80;0;1;1;1;2;15;1;1;0;1;1;69.000
1;1;66;1;1;1;0;0;15;0;1;1;1;1;69.000
2;1;70;0;1;0;0;0;1;1;0;1;1;1;69.000
2;1;65;0;1;1;0;0;14;1;0;0;1;1;69.000
4;2;135;2;1;1;1;2;15;1;0;0;1;1;69.000
1;1;40;2;1;1;1;2;15;1;1;0;0;0;69.000
3;2;120;0;1;1;0;0;15;0;1;0;0;1;69.000
3;1;84;0;1;0;1;2;15;1;1;1;1;1;69.000
3;1;49;0;1;1;1;2;15;1;1;1;1;1;68.761
3;1;87;2;1;1;1;2;15;1;1;2;1;1;68.500
3;1;87;1;1;1;1;1;15;1;1;0;1;1;68.500
4;2;150;1;1;1;0;0;15;1;1;1;1;1;68.300
3;1;99;1;1;1;1;2;15;1;1;1;1;1;68.250
2;1;81;0;1;1;1;2;0;1;1;1;1;1;68.250
2;1;70;0;1;1;1;2;15;1;1;0;1;1;68.218
3;1;85;0;1;1;0;0;0;1;1;2;1;1;68.000
3;1;58;0;1;1;1;2;15;1;1;0;1;1;68.000
1;1;50;0;0;1;1;0;0;1;1;1;0;1;68.000
2;1;68;0;1;0;0;0;2;1;1;1;1;1;68.000
3;1;84;0;0;0;1;0;15;1;0;1;1;1;68.000
3;2;90;0;0;1;1;0;2;1;1;0;1;1;68.000
3;1;110;2;1;1;1;2;15;1;1;0;1;1;68.000
2;2;71;2;1;0;1;2;15;1;0;0;1;1;68.000
2;1;70;0;0;0;0;0;2;0;0;0;1;1;68.000
3;2;124;2;1;1;1;2;15;1;0;1;1;1;67.300
4;1;90;1;0;0;1;0;15;1;1;1;1;1;67.260
1;1;41;2;1;1;1;0;15;0;1;0;1;1;67.245
2;2;96;2;1;1;1;2;15;1;1;0;1;1;67.000
2;1;54;0;1;1;1;0;15;1;1;0;1;1;67.000
2;1;75;0;0;0;1;0;15;1;0;1;1;1;67.000
3;1;80;0;1;0;0;0;15;1;1;1;1;1;67.000
2;1;74;1;1;1;1;2;15;1;1;0;0;1;66.829
2;1;66;0;1;0;1;0;15;1;1;0;1;1;66.500
2;1;74;0;1;1;1;2;15;0;1;0;1;1;66.385
2;1;74;0;1;1;1;2;15;1;1;1;1;1;66.150
4;1;112;0;1;1;1;2;15;0;1;1;1;1;66.150
2;1;67;2;1;1;1;2;15;0;1;0;1;1;66.100
3;1;61;0;1;1;1;2;15;1;1;1;1;1;66.000
3;2;90;0;1;1;0;0;14;0;0;1;1;0;66.000
3;1;68;2;1;1;1;2;2;1;1;0;1;1;65.855
2;2;109;2;1;0;1;0;0;0;1;0;0;0;65.800
1;1;54;2;1;1;1;2;15;1;1;0;1;1;65.600
3;1;86;0;1;1;1;2;5;1;1;0;1;1;65.100
3;1;70;0;0;0;0;0;1;1;1;1;1;1;65.000
3;2;120;0;0;0;1;0;2;1;1;0;1;0;65.000
3;2;95;2;1;1;0;0;15;0;1;1;0;1;65.000
3;1;77;0;1;1;1;0;15;1;1;0;1;1;65.000
1;1;78;0;1;1;1;0;15;0;0;1;1;1;65.000
3;1;75;0;1;1;1;0;1;1;1;1;1;1;65.000
3;1;80;1;1;1;0;1;15;1;1;0;1;1;65.000
3;1;80;1;1;0;1;1;15;1;1;0;1;1;65.000
3;1;90;0;0;0;0;0;15;1;1;0;1;1;65.000
3;1;74;0;0;0;1;0;2;0;1;0;1;1;65.000
3;2;83;2;1;1;1;2;11;1;1;1;1;1;65.000
2;1;80;0;0;0;1;0;11;1;1;0;1;1;65.000
2;1;77;0;0;0;0;0;15;0;1;0;0;0;65.000
2;1;55;0;1;1;1;0;15;1;1;0;1;1;65.000
2;1;70;0;1;1;1;0;1;1;1;1;1;1;65.000
4;2;105;0;0;0;0;0;5;1;1;1;1;1;64.999
2;1;67;0;1;0;1;0;15;1;0;0;1;1;64.900
2;1;78;0;1;1;0;0;15;0;1;1;1;1;64.900
4;1;100;0;1;1;1;2;15;1;1;0;1;1;64.800
3;2;104;0;1;1;1;0;15;1;1;0;1;1;64.700
1;1;177;2;0;1;0;0;15;0;1;2;0;1;64.700
2;1;57;1;1;0;1;1;2;1;1;1;1;1;64.500
2;1;65;2;0;1;0;0;15;1;1;1;1;1;64.492
3;1;76;0;1;1;1;2;15;1;1;1;1;1;64.050
3;1;70;1;1;1;0;0;3;1;1;0;1;0;64.000
2;1;57;2;1;1;1;2;15;1;1;0;1;1;64.000
2;1;77;0;1;0;0;0;5;1;1;0;1;1;64.000
2;1;55;0;1;1;1;0;15;0;1;0;0;1;64.000
3;1;79;0;1;0;1;0;0;1;1;1;1;1;64.000
3;1;103;0;1;1;1;2;15;1;1;1;1;1;64.000
2;1;89;0;1;1;1;2;15;1;1;2;1;1;63.900
3;1;78;0;0;1;1;2;15;1;1;1;1;1;63.700
3;2;122;2;1;1;1;2;15;0;0;0;1;1;63.100
3;1;80;1;1;0;0;1;2;1;1;0;1;1;63.000
3;1;76;0;1;1;1;0;15;1;1;1;1;1;63.000
2;1;79;1;1;1;1;0;3;1;0;1;1;1;63.000
1;1;52;0;1;1;1;2;6;1;1;1;0;1;63.000
2;1;85;0;1;1;1;2;15;1;1;0;1;1;62.500
2;2;101;2;1;1;1;2;15;0;0;0;1;0;62.300
2;1;75;0;1;1;1;2;15;1;1;2;1;1;62.100
3;1;76;0;1;1;1;0;15;1;1;1;1;1;62.000
2;2;79;0;1;0;0;0;15;0;1;1;1;1;62.000
3;1;122;1;1;1;0;0;15;1;1;0;0;1;61.740
1;1;56;0;1;1;1;2;1;1;1;0;1;1;61.241
1;1;60;0;1;1;1;2;3;1;1;0;1;1;61.072
1;1;40;0;1;0;1;0;15;0;1;0;0;0;61.000
4;1;107;0;1;1;0;0;15;1;1;1;1;1;60.900
3;2;87;0;0;1;1;0;15;0;0;0;1;1;60.700
3;1;154;2;1;1;1;2;15;1;0;0;1;1;60.400
2;1;45;1;1;1;1;1;15;1;1;1;1;1;60.000
1;2;70;0;1;1;1;0;15;1;1;1;1;1;60.000
3;2;100;0;1;1;1;0;15;1;1;0;1;1;60.000
2;1;70;0;1;0;1;0;12;1;1;1;1;1;60.000
2;1;93;0;1;0;1;0;2;1;1;0;1;1;60.000
2;1;60;0;1;1;0;0;2;0;0;0;1;1;60.000
3;1;70;0;1;1;1;0;0;1;1;1;1;1;60.000
1;1;50;2;1;0;1;2;15;1;0;0;1;1;60.000
4;2;110;0;0;0;1;0;15;1;1;0;1;1;60.000
4;2;129;0;1;0;1;2;15;1;0;0;1;1;60.000
1;1;37;0;1;1;1;2;15;1;1;2;1;1;60.000
2;1;70;0;1;0;1;0;1;1;1;0;1;1;60.000
3;1;80;0;1;1;1;2;15;1;1;1;1;1;60.000
3;1;110;0;1;0;1;0;0;1;1;1;1;1;60.000
3;1;87;0;0;1;1;2;15;1;1;1;1;1;60.000
2;1;80;0;1;1;1;0;15;1;1;1;1;1;60.000
2;1;62;1;1;0;0;0;11;1;1;1;1;1;60.000
4;2;100;0;1;0;1;0;1;0;0;1;1;1;60.000
4;2;124;0;0;0;1;0;14;1;1;0;1;1;60.000
2;2;77;2;1;1;1;2;15;1;1;0;1;1;59.600
2;2;89;2;1;1;1;2;15;1;1;0;1;1;59.200
1;1;39;0;1;1;1;2;15;1;1;2;1;1;59.000
3;1;90;0;1;1;1;0;15;1;1;1;1;1;59.000
2;1;60;0;1;1;0;0;15;1;1;0;0;1;59.000
2;1;60;2;0;0;1;0;15;1;1;1;1;1;59.000
3;2;96;2;1;1;0;0;15;0;1;1;0;1;59.000
1;1;60;0;1;0;1;0;2;1;1;0;1;1;59.000
2;1;90;0;0;0;0;0;2;1;1;1;1;1;58.800
2;2;90;2;1;1;0;0;15;0;1;0;1;1;58.500
2;1;85;0;1;1;1;2;15;0;1;2;1;1;58.300
3;1;94;2;1;1;1;2;15;1;1;1;1;1;58.200
1;1;45;2;1;0;0;0;2;1;1;0;0;1;58.000
3;2;111;2;1;1;1;2;15;1;1;2;1;1;58.000
3;1;103;0;1;1;1;0;15;1;1;1;1;1;57.900
3;2;99;0;0;1;0;0;15;1;1;0;1;1;57.900
3;1;88;0;1;1;1;2;2;1;1;1;1;1;57.750
4;2;126;0;1;1;1;2;15;1;1;1;1;1;57.750
3;1;85;0;1;1;1;2;15;1;1;0;1;1;57.750
3;1;85;1;1;1;1;2;15;1;1;0;1;1;57.750
3;1;81;1;1;1;1;2;15;1;1;0;1;1;57.600
4;1;82;1;1;1;1;2;3;1;1;1;1;1;57.039
3;2;113;0;0;1;1;2;15;1;0;0;1;1;57.005
1;1;60;0;1;0;0;0;7;0;0;0;1;1;57.000
3;1;62;2;1;1;1;2;15;1;1;1;1;1;57.000
4;1;95;0;1;1;1;2;2;1;1;2;1;1;56.900
3;1;71;0;1;1;1;2;15;1;1;1;1;1;56.700
3;1;101;0;1;1;1;2;15;1;1;2;1;1;56.500
2;1;74;2;1;1;1;2;15;1;1;1;1;1;56.500
3;1;100;1;1;1;1;2;3;1;1;1;1;1;56.400
2;1;71;2;1;1;1;2;15;1;1;1;1;1;56.288
2;1;79;0;1;1;1;0;15;1;1;1;1;1;56.000
4;1;90;0;1;1;0;0;15;1;1;1;1;1;56.000
2;1;80;2;1;1;0;0;15;1;1;1;1;1;56.000
3;1;100;0;1;1;1;2;15;1;1;0;1;1;55.650
2;1;55;0;1;1;1;2;15;1;1;0;1;1;55.650
3;1;101;0;1;0;0;0;15;1;1;0;1;1;55.630
2;2;109;2;1;0;1;0;1;0;1;0;0;0;55.500
2;2;68;0;1;0;1;0;15;0;0;0;1;1;55.000
3;1;78;0;1;1;1;0;15;1;1;1;1;1;55.000
2;1;77;2;1;1;0;0;15;1;1;1;1;1;55.000
3;1;88;0;1;1;1;0;15;1;1;1;1;1;55.000
2;1;80;0;1;0;1;0;15;1;1;1;1;1;55.000
4;1;106;0;1;1;1;0;15;1;1;1;1;1;55.000
3;1;99;2;0;1;0;0;12;1;1;1;1;1;55.000
3;1;72;0;1;0;1;0;3;1;1;1;1;1;55.000
2;1;43;1;1;1;1;0;3;1;1;1;1;1;55.000
4;2;97;0;1;0;0;0;6;1;0;1;1;0;55.000
4;1;90;0;1;0;0;0;15;1;1;0;1;1;55.000
3;1;85;0;1;1;1;0;15;1;1;0;1;1;55.000
2;2;94;2;1;1;1;2;15;1;1;0;1;1;54.800
2;1;80;1;1;1;1;2;15;1;1;1;1;1;54.313
4;2;85;1;1;1;1;0;15;1;1;1;1;1;54.300
3;1;85;0;1;0;1;1;15;1;1;1;1;1;54.000
2;1;70;0;1;1;1;0;15;1;1;1;1;1;54.000
3;1;67;0;1;1;1;0;15;1;0;1;1;1;54.000
2;1;73;2;1;1;1;2;15;1;1;0;1;1;54.000
2;1;65;2;1;1;1;2;15;1;1;0;1;1;53.424
3;1;75;0;1;1;1;0;15;1;1;1;1;1;53.000
3;2;76;1;1;1;1;2;15;1;1;1;1;1;53.000
2;2;100;0;0;1;1;2;15;1;1;1;1;1;53.000
1;1;58;0;1;0;0;0;2;1;1;0;0;1;53.000
2;1;58;0;1;1;1;2;15;1;1;1;1;1;53.000
4;1;82;0;1;1;1;2;15;1;1;1;1;1;53.000
1;1;49;0;1;0;1;2;15;1;0;0;1;1;53.000
1;1;78;0;1;1;1;2;15;1;1;1;1;1;52.800
3;1;75;1;1;1;1;0;1;1;0;0;1;1;52.500
3;1;98;0;1;1;1;2;15;1;1;1;1;1;52.500
3;2;111;2;1;1;0;0;15;1;1;0;1;1;52.000
1;1;70;0;1;0;1;2;5;0;1;1;0;1;52.000
1;1;24;0;1;0;1;1;1;1;0;0;1;1;52.000
3;1;86;2;1;1;1;0;15;1;1;1;1;1;52.000
2;2;73;1;1;1;1;0;15;0;0;1;1;1;51.800
2;1;58;0;1;1;1;2;15;1;1;0;0;1;51.600
2;1;72;0;1;1;1;2;15;1;1;0;1;1;51.289
3;1;75;0;1;1;1;0;15;1;1;1;1;1;51.000
3;1;90;0;0;0;0;0;15;1;0;1;1;1;51.000
2;1;86;1;1;1;1;0;15;1;1;1;1;1;50.800
2;1;82;2;1;1;1;2;15;1;1;0;1;1;50.500
4;1;100;1;1;1;1;0;10;1;1;1;1;1;50.400
4;1;109;0;1;1;1;2;2;1;1;0;1;1;50.400
2;1;70;0;1;1;1;2;2;1;1;0;1;1;50.282
4;2;108;0;1;1;1;0;15;1;1;1;1;1;50.000
3;1;65;0;1;1;1;0;3;1;0;1;1;1;50.000
2;1;90;1;1;1;1;0;11;1;1;1;1;1;50.000
3;1;88;0;1;1;1;0;15;1;1;1;1;1;50.000
3;1;100;0;1;0;0;0;15;1;0;1;1;1;50.000
3;1;70;0;0;0;1;0;15;1;0;1;1;1;50.000
3;1;81;0;1;1;1;2;15;0;0;1;1;1;49.990
2;1;81;0;1;1;1;0;15;0;1;0;1;1;49.200
2;1;59;0;1;1;1;0;15;1;1;1;1;1;49.000
3;1;104;2;1;1;1;2;15;1;1;1;1;1;49.000
3;1;49;2;1;1;1;2;15;1;1;1;1;1;49.000
2;1;55;0;1;0;1;0;15;1;0;0;1;1;49.000
3;1;176;2;1;1;1;2;15;1;1;1;1;1;49.000
1;1;48;0;1;1;1;0;15;1;1;1;1;1;48.900
3;1;100;0;1;1;1;2;1;1;1;1;1;1;48.300
1;2;50;1;1;1;1;0;6;1;1;1;1;1;48.000
3;1;109;1;1;1;1;2;15;1;1;1;1;1;48.000
3;1;83;2;1;1;1;2;15;1;1;1;1;1;48.000
1;1;50;0;1;1;1;0;15;1;1;1;1;1;48.000
2;1;45;0;1;1;0;0;12;1;1;1;1;1;48.000
2;1;65;2;1;1;1;2;15;1;1;0;1;1;47.849
2;1;82;2;1;1;1;2;15;1;0;0;1;1;47.700
3;1;83;0;1;1;1;2;5;1;1;1;1;1;47.250
1;1;75;0;1;1;1;2;0;1;1;0;1;1;47.250
3;1;92;2;1;1;1;2;15;1;1;1;1;1;47.000
2;1;72;2;1;1;1;2;15;1;1;1;1;1;47.000
1;1;43;2;1;1;1;2;15;1;1;0;1;1;46.800
4;1;87;0;1;1;1;0;1;1;1;1;1;1;46.500
1;1;54;0;1;1;1;0;15;1;1;1;1;1;46.500
3;1;93;0;1;1;1;2;15;1;1;1;1;1;46.018
3;1;83;0;1;1;0;0;15;1;1;2;1;1;45.800
4;1;77;1;1;1;1;2;1;1;1;1;1;1;45.793
3;1;80;2;1;1;1;2;15;1;1;1;1;1;45.600
2;1;1.061;0;1;1;1;1;15;0;0;0;1;1;45.400
2;1;75;2;1;1;0;0;15;0;1;1;1;1;45.300
3;2;92;0;1;1;1;2;15;1;1;1;1;1;45.300
2;1;55;0;1;1;1;2;15;1;1;2;1;1;45.150
3;1;82;0;1;1;1;0;15;1;1;1;1;1;45.000
3;2;118;0;1;1;0;0;15;1;1;1;1;1;45.000
4;2;143;0;1;1;1;2;15;1;1;2;1;1;45.000
2;1;71;0;1;1;1;0;0;1;1;1;1;1;45.000
3;1;85;0;0;1;1;0;15;1;1;1;1;1;45.000
3;1;68;0;1;1;1;0;15;1;1;1;1;1;45.000
1;1;47;2;1;1;1;2;15;1;1;0;1;1;45.000
3;2;84;2;1;1;0;0;15;1;1;2;1;1;45.000
3;1;106;1;1;0;1;0;15;1;1;1;1;1;45.000
3;1;70;0;1;1;0;0;2;0;1;1;1;1;45.000
3;1;90;0;1;1;0;0;15;1;1;0;1;1;45.000
3;1;80;0;1;1;1;1;15;1;1;1;1;1;45.000
3;1;94;0;1;1;0;0;15;1;0;1;1;1;45.000
2;1;71;0;0;1;1;2;15;1;1;0;1;1;44.562
1;1;75;2;1;1;1;2;15;1;1;0;1;1;44.500
1;1;33;0;0;1;0;0;15;1;1;0;1;1;44.500
3;2;67;1;1;1;1;2;0;1;1;1;1;1;44.312
3;1;107;0;1;1;1;2;15;1;1;0;1;1;44.000
2;1;80;2;1;1;1;2;15;1;0;1;1;1;43.900
2;2;85;2;1;1;1;2;15;0;1;0;1;1;43.865
3;1;70;2;1;1;0;0;15;1;1;0;1;1;43.610
2;1;68;2;1;1;1;0;15;1;1;1;1;1;43.500
3;1;72;0;1;1;1;2;15;1;1;1;1;1;43.050
1;1;56;2;1;1;1;2;15;1;1;1;1;1;43.000
3;1;94;2;1;1;1;2;15;1;0;1;1;1;42.900
1;1;38;2;1;0;1;2;15;1;1;1;1;1;42.500
4;1;100;1;1;1;1;2;0;1;1;1;1;1;42.200
3;1;75;0;1;1;1;0;15;1;1;1;1;1;42.000
3;1;69;0;1;1;1;2;3;1;1;1;1;1;42.000
3;1;90;0;1;1;0;0;15;0;1;1;0;0;42.000
1;1;57;2;0;1;0;1;15;0;0;0;1;1;41.800
2;1;66;2;1;1;1;2;15;0;1;0;1;1;41.065
2;1;60;0;1;1;1;2;15;1;1;1;1;1;41.000
2;1;81;0;1;1;1;2;11;1;1;1;1;1;41.000
3;1;104;0;1;1;1;2;15;1;1;1;1;1;40.000
3;1;55;1;1;0;1;0;15;1;1;2;1;0;40.000
3;2;110;0;1;1;1;0;15;0;1;1;1;1;40.000
2;1;84;0;0;1;0;0;15;1;0;1;1;1;40.000
2;1;66;1;1;1;1;0;15;1;0;1;1;1;40.000
4;1;125;1;1;1;1;0;15;1;1;1;1;1;40.000
1;1;57;2;1;1;1;2;15;1;0;0;1;1;40.000
3;1;54;1;1;0;1;0;1;1;1;1;1;1;40.000
4;1;65;1;1;1;1;1;15;1;0;1;1;1;40.000
1;1;45;0;1;1;1;0;15;1;1;0;1;1;39.900
3;1;77;1;1;1;1;2;15;1;1;1;1;1;39.900
2;1;75;0;1;1;1;2;15;1;1;0;1;1;39.900
2;1;53;2;1;1;1;2;15;1;1;1;1;1;39.800
4;2;132;2;1;1;1;2;15;1;1;0;1;1;39.800
2;1;85;1;1;1;1;0;12;1;1;1;1;1;39.800
2;1;65;2;1;1;1;2;15;1;1;2;1;1;39.195
3;1;90;0;1;1;1;0;10;1;1;1;1;1;39.000
3;1;100;1;1;1;1;1;15;1;0;1;1;1;39.000
3;1;69;0;0;1;1;2;15;1;0;1;1;1;39.000
3;1;72;2;1;1;1;2;15;1;1;1;1;1;39.000
2;1;74;2;1;1;1;2;15;1;0;0;1;1;38.700
4;2;126;0;0;1;1;2;15;1;1;0;1;1;38.600
3;1;78;2;1;1;1;2;15;1;1;1;1;1;38.000
3;2;101;2;1;1;1;2;15;1;1;1;1;1;38.000
4;1;115;0;1;1;1;0;15;1;1;1;1;1;38.000
3;1;60;0;0;0;1;0;15;1;1;1;1;1;38.000
2;1;56;2;1;1;1;0;15;1;1;1;1;1;37.828
3;1;75;0;1;1;0;0;15;1;0;1;1;1;37.500
3;1;74;2;1;1;1;2;15;1;1;1;1;1;37.345
2;1;50;0;1;1;1;0;14;1;0;1;1;1;37.000
3;1;61;0;1;1;1;0;15;1;1;1;1;1;37.000
3;1;81;2;1;1;1;2;15;1;1;1;1;1;37.000
2;1;75;0;1;1;1;0;15;1;1;1;1;1;37.000
3;1;89;2;1;1;1;2;15;1;1;1;1;1;37.000
1;1;56;0;1;0;0;0;15;1;1;1;1;1;36.800
2;1;59;0;1;1;1;0;15;1;1;1;1;1;36.000
3;1;73;0;1;1;1;1;15;1;0;1;1;1;36.000
3;1;60;0;1;1;1;2;15;1;1;1;1;1;35.990
1;2;67;2;1;1;0;0;15;1;1;0;1;1;35.900
1;2;40;2;1;1;0;0;15;1;1;0;1;1;35.309
3;1;70;1;1;1;1;0;15;1;1;1;1;1;35.000
1;1;65;1;1;0;0;1;10;1;1;0;1;1;35.000
2;1;95;0;1;1;1;0;15;1;1;1;1;1;35.000
3;1;73;0;1;1;0;0;3;1;1;1;1;1;35.000
3;1;72;1;1;1;1;2;15;1;1;2;1;1;35.000
3;1;60;1;1;1;1;0;15;1;1;1;1;0;35.000
3;1;70;0;0;0;1;0;15;1;1;1;1;1;35.000
3;1;78;1;1;1;1;2;15;1;1;1;1;1;34.650
2;1;60;0;1;1;1;2;15;1;1;1;1;1;34.650
3;1;72;0;1;1;1;2;15;1;1;1;1;1;34.650
3;1;88;0;1;1;1;2;15;1;0;1;1;1;34.594
3;1;80;0;1;1;0;0;6;1;1;1;1;1;34.000
2;1;69;0;1;1;1;0;15;1;1;0;1;1;33.900
3;1;97;2;1;1;1;2;15;1;1;1;1;1;33.700
3;1;65;0;1;1;1;2;6;1;1;1;1;1;33.600
2;1;73;0;1;1;1;2;15;1;1;1;1;1;33.313
3;1;111;2;1;1;0;0;15;1;1;2;1;1;33.200
1;1;27;0;1;1;1;0;1;1;1;1;1;1;33.000
1;1;48;0;1;1;1;0;1;1;1;1;1;1;33.000
1;1;69;1;1;1;1;1;15;1;1;0;1;1;33.000
2;1;72;0;1;1;1;0;15;1;1;1;1;1;32.539
2;1;75;0;1;1;1;0;2;1;1;1;1;1;32.400
1;2;52;1;1;1;1;0;15;1;1;1;1;1;32.300
3;1;94;1;1;1;0;0;15;1;1;1;1;1;32.000
3;1;68;1;1;1;0;0;15;1;1;1;1;1;32.000
3;1;99;0;1;1;1;2;15;1;1;1;1;1;31.961
3;1;68;1;1;1;1;2;6;1;1;1;1;1;31.500
3;1;82;2;1;1;1;2;15;1;1;1;1;1;31.000
3;1;76;2;1;1;1;0;15;1;1;1;1;1;30.100
2;1;48;0;1;1;1;0;15;1;0;1;1;1;30.000
3;1;90;0;1;1;1;0;2;1;1;1;1;1;30.000
2;1;56;0;1;1;1;0;2;1;1;1;1;1;30.000
3;1;60;0;1;1;0;0;15;1;1;1;1;0;30.000
4;1;98;1;1;1;0;0;15;1;1;1;1;1;29.999
2;1;76;1;1;1;1;2;5;1;1;1;1;1;28.500
1;1;59;1;1;1;1;2;15;1;1;0;1;1;28.200
3;1;76;1;1;1;1;2;15;1;1;1;1;1;28.111
3;1;65;2;1;1;0;0;15;1;1;2;1;1;27.470
4;2;115;2;1;1;1;2;15;1;1;1;1;1;27.100
2;1;54;2;1;1;1;2;15;1;1;1;1;1;27.000
2;1;92;0;1;1;1;0;15;1;1;1;1;1;26.000
3;1;92;2;1;1;0;0;15;1;1;2;1;1;25.470
1;1;65;2;1;1;1;2;15;0;1;0;1;1;24.600
3;1;72;1;1;1;1;2;15;1;1;1;1;1;23.900
2;1;61;0;1;1;1;1;15;1;1;1;1;1;23.900
2;1;75;0;1;1;0;0;15;1;1;0;1;1;23.000
3;1;70;0;1;1;1;0;1;1;1;1;1;1;22.000
3;2;52;2;1;1;0;0;15;1;1;1;1;1;20.900
3;1;75;0;1;0;1;2;15;1;1;2;1;1;20.000
2;1;94;0;1;0;0;0;15;0;0;1;1;0;20.000
3;1;97;2;1;1;1;2;15;1;1;1;1;1;19.900
3;1;45;1;1;1;1;2;15;1;1;1;1;1;18.500
3;1;68;2;1;1;1;2;15;1;1;1;1;1;18.400
3;1;69;2;1;1;1;2;15;1;1;1;1;1;17.900
3;1;64;0;1;1;1;0;1;1;0;1;1;0;13.900
2;1;37;2;1;1;1;2;15;1;1;1;1;1;13.095
2;1;63;1;1;1;1;2;6;1;1;1;1;1;11.400
3;1;96;2;1;1;1;2;5;1;1;1;1;1;10.000
